c2,c1,c0,disc_F,d,Delta_K,det_G,num_gram,h_values,min_h,max_h,h_eq_sqrt_disc
-1,-13,23,148,1,-4,592,11,"[1, 2, 4, 4, 8, 8, 16, 16, 16, 19, 23]",1,23,False
-1,-13,23,148,2,-8,1184,40,"[1, 2, 3, 4, 4, 5, 6, 8, 8, 9, 10, 11, 12, 12, 13, 15, 15, 16, 16, 16, 18, 20, 20, 22, 23, 24, 24, 25, 26, 27, 29, 30, 30, 31, 32, 32, 32, 33, 33, 36]",1,36,False
-1,-13,23,148,3,-3,444,20,"[1, 2, 3, 4, 4, 5, 6, 7, 8, 10, 12, 12, 14, 15, 16, 16, 17, 20, 20, 21]",1,21,False
-1,-13,23,148,7,-7,1036,24,"[1, 2, 4, 4, 5, 7, 8, 10, 11, 13, 14, 16, 16, 17, 19, 20, 20, 22, 25, 26, 28, 28, 31, 34]",1,34,False
-1,-13,23,148,11,-11,1628,36,"[1, 2, 3, 4, 4, 6, 8, 9, 11, 12, 12, 13, 16, 16, 17, 18, 19, 22, 24, 24, 26, 27, 29, 32, 32, 32, 32, 33, 34, 36, 36, 37, 38, 39, 39, 44]",1,44,False
-1,-13,23,148,19,-19,2812,32,"[1, 2, 4, 4, 7, 8, 11, 13, 14, 16, 16, 19, 22, 26, 28, 28, 29, 31, 32, 32, 32, 32, 37, 38, 44, 44, 47, 49, 52, 52, 56, 58]",1,58,False
-1,-13,23,148,43,-43,6364,48,"[1, 2, 4, 4, 5, 8, 10, 11, 16, 16, 19, 20, 20, 22, 25, 29, 32, 32, 32, 32, 37, 38, 40, 40, 41, 43, 44, 44, 47, 50, 53, 55, 55, 58, 61, 64, 64, 64, 64, 67, 74, 76, 76, 80, 80, 80, 80, 83]",1,83,False
-1,-13,23,148,67,-67,9916,52,"[1, 2, 4, 4, 5, 8, 10, 13, 16, 16, 20, 20, 25, 26, 31, 32, 32, 32, 32, 37, 40, 40, 43, 47, 50, 52, 52, 61, 62, 64, 64, 64, 64, 65, 65, 67, 71, 73, 74, 79, 80, 80, 80, 80, 83, 86, 94, 97, 100, 100, 104, 109]",1,109,False
-1,-13,23,148,163,-163,24124,104,"[1, 2, 4, 4, 5, 8, 10, 13, 16, 16, 17, 19, 20, 20, 23, 25, 26, 29, 31, 32, 32, 32, 32, 34, 37, 38, 40, 40, 41, 46, 47, 50, 52, 52, 53, 58, 59, 62, 64, 64, 64, 64, 65, 65, 68, 68, 71, 74, 76, 76, 79, 80, 80, 80, 80, 82, 83, 85, 85, 89, 92, 92, 94, 95, 95, 100, 100, 103, 104, 104, 106, 109, 115, 115, 116, 116, 118, 124, 124, 125, 128, 128, 128, 128, 130, 130, 136, 136, 142, 145, 145, 148, 148, 151, 152, 152, 155, 155, 158, 160, 160, 160, 160, 166]",1,166,False
-1,-15,28,229,1,-4,916,17,"[1, 2, 4, 4, 5, 7, 8, 10, 14, 17, 20, 20, 23, 25, 28, 28, 31]",1,31,False
-1,-15,28,229,2,-8,1832,42,"[1, 2, 3, 4, 4, 6, 7, 8, 8, 9, 11, 12, 12, 13, 14, 17, 18, 19, 21, 21, 22, 23, 24, 24, 26, 27, 28, 28, 29, 31, 33, 33, 34, 36, 36, 38, 39, 39, 42, 42, 43, 44]",1,44,False
-1,-15,28,229,3,-3,687,14,"[1, 2, 3, 4, 6, 8, 8, 12, 16, 16, 19, 23, 24, 24]",1,24,False
-1,-15,28,229,7,-7,1603,14,"[1, 2, 4, 7, 11, 13, 14, 22, 26, 28, 31, 37, 41, 43]",1,43,False
-1,-15,28,229,11,-11,2519,66,"[1, 2, 3, 4, 5, 6, 7, 8, 8, 9, 10, 11, 12, 12, 13, 14, 15, 15, 16, 16, 18, 20, 20, 21, 21, 22, 24, 24, 24, 24, 25, 26, 27, 28, 28, 29, 30, 30, 32, 32, 33, 35, 35, 36, 36, 37, 39, 39, 40, 40, 40, 40, 41, 42, 42, 44, 45, 45, 48, 48, 48, 48, 49, 50, 52, 56]",1,56,False
-1,-15,28,229,19,-19,4351,46,"[1, 2, 4, 5, 8, 8, 10, 11, 13, 16, 16, 17, 19, 20, 20, 22, 25, 26, 29, 31, 32, 32, 34, 38, 40, 40, 40, 40, 41, 43, 44, 44, 50, 52, 52, 55, 55, 58, 59, 61, 62, 64, 64, 65, 65, 68]",1,68,False
-1,-15,28,229,43,-43,9847,46,"[1, 2, 4, 7, 8, 8, 11, 14, 16, 16, 17, 22, 28, 28, 29, 32, 32, 34, 43, 44, 44, 49, 53, 56, 56, 56, 56, 58, 64, 64, 68, 68, 73, 77, 77, 83, 86, 88, 88, 88, 88, 89, 97, 98, 106, 112]",1,112,False
-1,-15,28,229,67,-67,15343,64,"[1, 2, 4, 7, 8, 8, 13, 14, 16, 16, 17, 19, 26, 28, 28, 31, 32, 32, 34, 37, 38, 41, 49, 52, 52, 56, 56, 56, 56, 62, 64, 64, 67, 68, 68, 71, 74, 76, 76, 79, 82, 83, 91, 91, 98, 101, 103, 104, 104, 104, 104, 109, 112, 112, 112, 112, 113, 119, 119, 124, 124, 128, 134, 136]",1,136,False
-1,-15,28,229,163,-163,37327,100,"[1, 2, 4, 7, 8, 8, 13, 14, 16, 16, 23, 26, 28, 28, 29, 31, 32, 32, 43, 46, 49, 52, 52, 53, 56, 56, 56, 56, 58, 59, 61, 62, 64, 64, 67, 71, 73, 79, 83, 86, 89, 91, 91, 92, 92, 97, 98, 101, 104, 104, 104, 104, 106, 107, 109, 112, 112, 112, 112, 116, 116, 118, 122, 124, 124, 127, 128, 128, 134, 137, 139, 142, 146, 151, 157, 158, 161, 161, 163, 166, 167, 169, 172, 172, 173, 178, 182, 182, 184, 184, 184, 184, 191, 194, 196, 196, 202, 203, 208, 214]",1,214,False
-1,-10,-9,257,1,-4,1028,26,"[1, 2, 3, 4, 4, 6, 7, 8, 9, 12, 12, 13, 14, 17, 18, 19, 21, 21, 24, 24, 26, 27, 28, 28, 29, 34]",1,34,False
-1,-10,-9,257,2,-8,2056,27,"[1, 2, 4, 4, 5, 7, 8, 8, 10, 11, 14, 17, 20, 20, 22, 25, 28, 28, 34, 35, 35, 37, 40, 40, 44, 44, 47]",1,47,False
-1,-10,-9,257,3,-3,771,14,"[1, 2, 3, 4, 5, 6, 10, 12, 13, 15, 20, 20, 25, 26]",1,26,False
-1,-10,-9,257,7,-7,1799,52,"[1, 2, 3, 4, 5, 6, 7, 8, 8, 9, 10, 11, 12, 12, 14, 15, 15, 16, 16, 18, 19, 20, 20, 21, 22, 23, 24, 24, 24, 24, 25, 27, 28, 29, 30, 30, 32, 32, 33, 33, 35, 36, 36, 38, 40, 40, 40, 40, 41, 42, 44, 45]",1,45,False
-1,-10,-9,257,11,-11,2827,18,"[1, 2, 4, 7, 11, 14, 19, 22, 23, 28, 28, 31, 38, 41, 43, 44, 46, 49]",1,49,False
-1,-10,-9,257,19,-19,4883,38,"[1, 2, 3, 4, 6, 9, 11, 12, 12, 17, 18, 19, 22, 23, 27, 33, 33, 34, 36, 36, 37, 38, 41, 44, 44, 46, 51, 51, 53, 54, 57, 61, 66, 66, 68, 68, 69, 69]",1,69,False
-1,-10,-9,257,43,-43,11051,126,"[1, 2, 3, 4, 5, 6, 7, 9, 10, 11, 12, 12, 13, 14, 15, 15, 17, 18, 19, 20, 20, 21, 21, 22, 23, 25, 26, 27, 28, 28, 30, 30, 31, 33, 33, 34, 35, 35, 36, 36, 37, 38, 39, 39, 42, 42, 43, 44, 44, 45, 45, 46, 49, 50, 51, 51, 52, 52, 54, 55, 55, 57, 57, 59, 60, 60, 60, 60, 62, 63, 63, 65, 65, 66, 66, 67, 68, 68, 69, 69, 70, 70, 71, 74, 75, 75, 76, 76, 77, 77, 78, 78, 79, 81, 84, 84, 84, 84, 85, 85, 86, 90, 90, 91, 91, 92, 92, 93, 93, 95, 95, 98, 99, 99, 100, 100, 102, 102, 105, 105, 105, 105, 108, 110, 111, 114]",1,114,False
-1,-10,-9,257,67,-67,17219,114,"[1, 2, 3, 4, 5, 6, 7, 9, 10, 12, 12, 14, 15, 15, 17, 18, 20, 20, 21, 21, 23, 25, 27, 28, 28, 29, 30, 30, 34, 35, 35, 36, 36, 41, 42, 42, 43, 45, 45, 46, 49, 50, 51, 51, 53, 54, 58, 59, 60, 60, 60, 60, 63, 63, 67, 68, 68, 69, 69, 70, 70, 73, 75, 75, 81, 82, 84, 84, 84, 84, 85, 85, 86, 87, 87, 89, 90, 90, 92, 92, 97, 98, 100, 100, 101, 102, 102, 105, 105, 105, 105, 106, 108, 108, 109, 115, 115, 116, 116, 118, 119, 119, 123, 123, 125, 126, 126, 129, 129, 134, 135, 138, 140, 145]",1,145,False
-1,-10,-9,257,163,-163,41891,134,"[1, 2, 3, 4, 5, 6, 7, 9, 10, 12, 12, 14, 15, 15, 18, 19, 20, 20, 21, 21, 25, 27, 28, 28, 30, 30, 35, 35, 36, 36, 37, 38, 42, 42, 45, 45, 49, 50, 54, 57, 57, 60, 60, 60, 60, 61, 63, 63, 70, 70, 74, 75, 75, 76, 76, 81, 84, 84, 84, 84, 90, 90, 95, 95, 98, 100, 100, 101, 103, 105, 105, 105, 105, 107, 108, 108, 109, 111, 111, 113, 114, 114, 122, 125, 126, 126, 127, 133, 133, 135, 135, 140, 140, 140, 140, 147, 147, 148, 148, 149, 150, 150, 162, 163, 171, 171, 173, 175, 175, 180, 180, 180, 180, 181, 183, 183, 185, 185, 189, 189, 190, 190, 191, 196, 196, 197, 199, 202, 206, 210, 210, 214, 222, 225]",1,225,False
-1,-4,2,316,1,-4,1264,24,"[1, 2, 4, 4, 5, 8, 8, 10, 11, 13, 16, 16, 16, 19, 20, 20, 22, 23, 25, 26, 31, 32, 32, 38]",1,38,False
-1,-4,2,316,2,-8,2528,33,"[1, 2, 3, 4, 4, 6, 8, 8, 9, 12, 12, 16, 16, 16, 18, 23, 24, 24, 27, 29, 31, 32, 32, 32, 36, 36, 37, 43, 46, 48, 48, 48, 48]",1,48,False
-1,-4,2,316,3,-3,948,22,"[1, 2, 3, 4, 4, 6, 7, 8, 11, 12, 12, 13, 14, 17, 21, 22, 23, 24, 26, 28, 28, 29]",1,29,False
-1,-4,2,316,7,-7,2212,16,"[1, 2, 4, 4, 7, 8, 14, 17, 19, 28, 28, 31, 34, 38, 41, 43]",1,43,False
-1,-4,2,316,11,-11,3476,52,"[1, 2, 3, 4, 4, 5, 6, 8, 9, 10, 11, 12, 12, 15, 15, 17, 18, 19, 20, 20, 22, 24, 24, 25, 27, 29, 30, 30, 33, 34, 36, 36, 38, 40, 40, 41, 44, 44, 45, 45, 47, 50, 51, 51, 54, 55, 57, 57, 58, 59, 60, 60]",1,60,False
-1,-4,2,316,19,-19,6004,40,"[1, 2, 4, 4, 5, 7, 8, 10, 14, 19, 20, 20, 25, 28, 28, 29, 31, 35, 35, 37, 38, 40, 40, 41, 43, 47, 49, 50, 53, 56, 56, 58, 62, 67, 70, 70, 73, 74, 76, 76]",1,76,False
-1,-4,2,316,43,-43,13588,34,"[1, 2, 4, 4, 8, 13, 19, 26, 29, 37, 38, 43, 47, 52, 52, 58, 59, 61, 74, 76, 76, 79, 86, 94, 97, 101, 103, 104, 104, 107, 113, 116, 116, 122]",1,122,False
-1,-4,2,316,67,-67,21172,40,"[1, 2, 4, 4, 8, 11, 22, 31, 41, 44, 44, 47, 53, 59, 61, 62, 67, 71, 73, 79, 82, 88, 88, 89, 94, 103, 106, 107, 109, 113, 118, 121, 122, 124, 124, 127, 134, 137, 142, 146]",1,146,False
-1,-4,2,316,163,-163,51508,76,"[1, 2, 4, 4, 8, 11, 17, 19, 22, 23, 29, 31, 34, 37, 38, 43, 44, 44, 46, 47, 58, 62, 67, 68, 68, 71, 74, 76, 76, 79, 86, 88, 88, 92, 92, 94, 97, 109, 116, 116, 121, 124, 124, 134, 136, 136, 137, 142, 148, 148, 149, 152, 152, 157, 158, 163, 172, 172, 184, 184, 187, 187, 188, 188, 193, 194, 199, 209, 209, 218, 227, 229, 232, 239, 242, 248]",1,248,False
-1,-6,-3,321,1,-4,1284,34,"[1, 2, 3, 4, 4, 5, 6, 7, 8, 10, 11, 12, 12, 13, 14, 15, 17, 20, 20, 21, 22, 23, 24, 25, 26, 28, 28, 30, 31, 33, 34, 35, 35, 37]",1,37,False
-1,-6,-3,321,2,-8,2568,30,"[1, 2, 3, 4, 4, 6, 7, 8, 8, 12, 12, 14, 17, 19, 21, 23, 24, 24, 28, 28, 29, 31, 34, 38, 42, 46, 47, 49, 51, 53]",1,53,False
-1,-6,-3,321,3,-3,963,21,"[1, 2, 3, 4, 6, 9, 9, 11, 12, 13, 18, 18, 19, 22, 23, 26, 27, 27, 27, 29, 33]",1,33,False
-1,-6,-3,321,7,-7,2247,24,"[1, 2, 3, 4, 6, 7, 8, 8, 12, 14, 16, 16, 21, 24, 24, 28, 31, 32, 32, 37, 41, 42, 47, 48]",1,48,False
-1,-6,-3,321,11,-11,3531,36,"[1, 2, 3, 4, 5, 6, 7, 10, 11, 12, 14, 15, 20, 20, 21, 22, 25, 28, 28, 29, 30, 33, 35, 35, 37, 41, 42, 43, 44, 49, 50, 55, 58, 59, 60, 66]",1,66,False
-1,-6,-3,321,19,-19,6099,36,"[1, 2, 3, 4, 5, 6, 10, 12, 15, 17, 19, 20, 20, 25, 29, 30, 31, 34, 38, 41, 50, 51, 53, 57, 58, 60, 60, 61, 62, 67, 68, 68, 75, 76, 82, 85]",1,85,False
-1,-6,-3,321,43,-43,13803,44,"[1, 2, 3, 4, 6, 7, 12, 13, 14, 17, 21, 26, 28, 28, 29, 34, 39, 42, 43, 49, 51, 52, 52, 58, 59, 68, 68, 73, 78, 79, 84, 84, 86, 87, 89, 91, 91, 98, 102, 107, 116, 116, 118, 119]",1,119,False
-1,-6,-3,321,67,-67,21507,76,"[1, 2, 3, 4, 6, 7, 11, 12, 14, 17, 19, 21, 22, 28, 28, 31, 33, 34, 37, 38, 41, 42, 43, 44, 44, 49, 51, 53, 57, 59, 62, 66, 67, 68, 68, 71, 74, 76, 76, 77, 77, 82, 84, 84, 86, 93, 97, 98, 101, 102, 106, 107, 109, 111, 114, 118, 119, 119, 121, 123, 124, 124, 129, 131, 132, 132, 133, 133, 134, 137, 139, 142, 147, 148, 148, 154]",1,154,False
-1,-6,-3,321,163,-163,52323,100,"[1, 2, 3, 4, 6, 7, 11, 12, 14, 21, 22, 23, 28, 28, 29, 31, 33, 42, 44, 44, 46, 49, 58, 61, 62, 66, 67, 69, 71, 73, 77, 77, 84, 84, 87, 89, 92, 92, 93, 98, 101, 103, 107, 109, 113, 116, 116, 121, 122, 124, 124, 127, 131, 132, 132, 134, 137, 138, 139, 142, 146, 147, 149, 151, 154, 154, 157, 161, 161, 163, 167, 173, 174, 178, 179, 181, 183, 186, 196, 196, 199, 201, 202, 203, 203, 206, 211, 213, 214, 217, 217, 218, 219, 223, 226, 229, 231, 233, 242, 244]",1,244,False
-1,-7,9,404,1,-4,1616,53,"[1, 2, 3, 4, 4, 5, 6, 7, 8, 8, 9, 10, 11, 12, 12, 13, 14, 15, 15, 16, 16, 16, 17, 18, 20, 20, 21, 21, 22, 24, 24, 25, 26, 27, 28, 28, 30, 30, 32, 32, 33, 33, 34, 35, 35, 36, 36, 37, 39, 39, 40, 40, 42]",1,42,False
-1,-7,9,404,2,-8,3232,26,"[1, 2, 4, 4, 7, 8, 8, 14, 16, 16, 16, 17, 19, 28, 28, 29, 32, 32, 32, 34, 38, 43, 49, 53, 56, 56]",1,56,False
-1,-7,9,404,3,-3,1212,24,"[1, 2, 3, 4, 4, 6, 8, 11, 12, 12, 13, 16, 16, 19, 22, 24, 26, 29, 31, 32, 32, 32, 32, 33]",1,33,False
-1,-7,9,404,7,-7,2828,34,"[1, 2, 3, 4, 4, 6, 7, 8, 9, 12, 12, 14, 16, 16, 18, 21, 23, 24, 24, 27, 28, 28, 36, 36, 37, 41, 42, 43, 46, 48, 48, 48, 48, 54]",1,54,False
-1,-7,9,404,11,-11,4444,48,"[1, 2, 4, 4, 5, 7, 8, 10, 11, 14, 16, 16, 20, 20, 22, 23, 25, 28, 28, 29, 31, 32, 32, 32, 32, 35, 35, 37, 40, 40, 41, 44, 44, 46, 47, 49, 50, 55, 56, 56, 58, 61, 62, 64, 64, 64, 64, 70]",1,70,False
-1,-7,9,404,19,-19,7676,92,"[1, 2, 3, 4, 4, 5, 6, 8, 9, 10, 12, 12, 15, 15, 16, 16, 17, 18, 19, 20, 20, 23, 24, 24, 25, 27, 29, 30, 30, 32, 32, 32, 32, 34, 36, 36, 38, 40, 40, 41, 43, 45, 45, 46, 47, 48, 48, 48, 48, 50, 51, 51, 53, 54, 57, 58, 59, 60, 60, 60, 60, 64, 64, 64, 64, 67, 68, 68, 69, 69, 72, 72, 75, 75, 76, 76, 80, 80, 80, 80, 81, 82, 85, 85, 86, 87, 87, 89, 90, 92, 95, 96]",1,96,False
-1,-7,9,404,43,-43,17372,132,"[1, 2, 3, 4, 4, 6, 7, 8, 9, 12, 12, 13, 14, 16, 16, 17, 18, 21, 21, 23, 24, 24, 26, 27, 28, 28, 29, 31, 32, 32, 32, 32, 34, 36, 36, 39, 39, 42, 42, 43, 46, 47, 48, 48, 48, 48, 49, 51, 51, 52, 52, 54, 56, 56, 58, 61, 62, 63, 63, 64, 64, 64, 64, 68, 68, 69, 69, 72, 72, 73, 78, 78, 79, 81, 84, 84, 84, 84, 86, 87, 87, 89, 91, 91, 92, 92, 93, 93, 94, 96, 96, 96, 96, 96, 96, 96, 96, 97, 98, 101, 102, 102, 104, 104, 107, 108, 108, 112, 112, 112, 112, 113, 116, 116, 117, 117, 119, 119, 122, 124, 124, 126, 126, 128, 128, 128, 128, 129, 136, 138, 141, 144]",1,144,False
-1,-7,9,404,67,-67,27068,176,"[1, 2, 3, 4, 4, 6, 7, 8, 9, 11, 12, 12, 14, 16, 16, 17, 18, 19, 21, 21, 22, 23, 24, 24, 27, 28, 28, 32, 32, 32, 32, 33, 33, 34, 36, 36, 37, 38, 41, 42, 42, 44, 44, 46, 47, 48, 48, 48, 48, 49, 51, 51, 53, 54, 56, 56, 57, 57, 61, 63, 63, 64, 64, 64, 64, 66, 66, 67, 68, 68, 69, 69, 71, 72, 72, 74, 76, 76, 77, 77, 81, 82, 84, 84, 84, 84, 88, 88, 92, 92, 94, 96, 96, 96, 96, 96, 96, 96, 96, 98, 99, 99, 101, 102, 102, 106, 107, 108, 108, 109, 111, 111, 112, 112, 112, 112, 113, 114, 114, 119, 119, 121, 122, 123, 123, 126, 126, 128, 128, 128, 128, 131, 132, 132, 132, 132, 133, 133, 134, 136, 136, 138, 138, 139, 141, 141, 142, 144, 144, 144, 144, 147, 147, 148, 148, 152, 152, 153, 153, 154, 154, 157, 159, 159, 161, 161, 162, 164, 164, 168, 168, 168, 171, 176, 187, 188]",1,188,False
-1,-7,9,404,163,-163,65852,224,"[1, 2, 3, 4, 4, 6, 7, 8, 9, 11, 12, 12, 14, 16, 16, 18, 21, 21, 22, 24, 24, 27, 28, 28, 29, 32, 32, 32, 32, 33, 33, 36, 36, 42, 42, 43, 44, 44, 47, 48, 48, 48, 48, 49, 54, 56, 56, 58, 59, 63, 63, 64, 64, 64, 64, 66, 66, 67, 71, 72, 72, 73, 77, 77, 81, 84, 84, 84, 84, 86, 87, 87, 88, 88, 89, 94, 96, 96, 96, 96, 96, 96, 96, 96, 97, 98, 99, 99, 101, 103, 108, 108, 109, 112, 112, 112, 112, 116, 116, 118, 121, 126, 126, 127, 128, 128, 128, 128, 129, 129, 131, 132, 132, 132, 132, 134, 139, 141, 141, 142, 144, 144, 144, 144, 146, 147, 147, 149, 154, 154, 162, 163, 168, 168, 168, 168, 172, 172, 174, 174, 176, 176, 176, 176, 177, 177, 178, 179, 188, 188, 189, 189, 191, 192, 192, 192, 192, 192, 192, 192, 192, 194, 196, 196, 197, 198, 198, 201, 201, 202, 203, 203, 206, 213, 213, 216, 216, 218, 219, 219, 223, 224, 224, 224, 224, 224, 224, 224, 224, 227, 229, 231, 231, 231, 231, 232, 232, 236, 236, 241, 242, 243, 251, 252, 252, 252, 252, 254, 256, 256, 256, 256, 257, 258, 261, 262, 264, 264, 264, 267, 277, 278, 284, 288]",1,288,False
-1,-7,-4,469,1,-4,1876,28,"[1, 2, 4, 4, 5, 7, 8, 10, 11, 13, 14, 19, 20, 20, 22, 25, 26, 28, 28, 29, 35, 37, 38, 40, 40, 41, 43, 44]",1,44,False
-1,-7,-4,469,2,-8,3752,30,"[1, 2, 3, 4, 4, 6, 7, 8, 8, 9, 12, 12, 14, 18, 21, 24, 24, 27, 28, 28, 36, 36, 41, 42, 47, 53, 54, 56, 56, 63]",1,63,False
-1,-7,-4,469,3,-3,1407,28,"[1, 2, 3, 4, 6, 7, 8, 8, 11, 12, 13, 14, 16, 16, 17, 21, 22, 24, 24, 26, 28, 31, 32, 32, 33, 34, 37, 42]",1,42,False
-1,-7,-4,469,7,-7,3283,21,"[1, 2, 4, 7, 14, 17, 19, 23, 28, 29, 34, 37, 38, 46, 47, 49, 49, 49, 49, 58, 59]",1,59,False
-1,-7,-4,469,11,-11,5159,92,"[1, 2, 3, 4, 5, 6, 7, 8, 8, 9, 10, 11, 12, 12, 14, 15, 15, 16, 16, 17, 18, 19, 20, 20, 21, 22, 23, 24, 24, 24, 24, 25, 27, 28, 30, 30, 31, 32, 32, 33, 34, 35, 36, 36, 37, 38, 40, 40, 40, 40, 42, 43, 44, 45, 45, 46, 48, 48, 48, 48, 50, 51, 51, 54, 55, 56, 56, 57, 57, 60, 60, 60, 60, 62, 63, 64, 64, 66, 67, 68, 68, 69, 69, 70, 71, 72, 72, 72, 72, 73, 75, 76]",1,76,False
-1,-7,-4,469,19,-19,8911,48,"[1, 2, 4, 5, 7, 8, 8, 10, 14, 16, 16, 19, 20, 20, 23, 25, 28, 32, 32, 35, 38, 40, 40, 40, 40, 46, 50, 53, 56, 56, 59, 61, 64, 64, 67, 70, 76, 79, 80, 80, 80, 80, 89, 92, 92, 95, 100, 101]",1,101,False
-1,-7,-4,469,43,-43,20167,60,"[1, 2, 4, 7, 8, 8, 13, 14, 16, 16, 19, 23, 26, 28, 31, 32, 32, 38, 41, 43, 46, 52, 52, 56, 56, 62, 64, 64, 67, 73, 76, 76, 82, 86, 89, 91, 92, 92, 97, 101, 104, 104, 104, 104, 107, 112, 112, 113, 124, 124, 127, 128, 128, 131, 133, 134, 137, 139, 146, 152]",1,152,False
-1,-7,-4,469,67,-67,31423,70,"[1, 2, 4, 7, 8, 8, 11, 14, 16, 16, 22, 23, 28, 29, 32, 32, 37, 43, 44, 44, 46, 53, 56, 56, 58, 64, 64, 67, 71, 74, 77, 79, 86, 88, 88, 88, 88, 92, 92, 106, 107, 109, 112, 112, 113, 116, 116, 121, 127, 128, 128, 134, 137, 142, 148, 148, 149, 151, 154, 158, 161, 163, 172, 172, 176, 176, 176, 176, 184, 184]",1,184,False
-1,-7,-4,469,163,-163,76447,116,"[1, 2, 4, 7, 8, 8, 11, 14, 16, 16, 17, 19, 22, 28, 32, 32, 34, 38, 41, 44, 44, 56, 56, 59, 61, 64, 64, 67, 68, 68, 71, 73, 76, 76, 77, 79, 82, 88, 88, 88, 88, 89, 97, 103, 109, 112, 112, 118, 119, 121, 122, 128, 128, 133, 134, 136, 136, 136, 136, 137, 142, 146, 151, 152, 152, 152, 152, 154, 157, 158, 163, 164, 164, 176, 176, 176, 176, 178, 181, 187, 187, 191, 194, 206, 209, 209, 218, 224, 224, 233, 236, 236, 238, 239, 241, 242, 244, 244, 251, 256, 256, 257, 263, 266, 268, 269, 272, 272, 272, 272, 274, 284, 287, 289, 292, 316]",1,316,False
-1,-8,11,473,1,-4,1892,22,"[1, 2, 3, 4, 4, 6, 8, 9, 11, 12, 12, 18, 22, 24, 24, 27, 29, 33, 36, 36, 43, 44]",1,44,False
-1,-8,11,473,2,-8,3784,30,"[1, 2, 4, 4, 5, 8, 8, 10, 11, 13, 19, 20, 20, 22, 25, 26, 37, 38, 40, 40, 43, 44, 44, 50, 52, 52, 55, 59, 65, 65]",1,65,False
-1,-8,11,473,3,-3,1419,28,"[1, 2, 3, 4, 5, 6, 7, 10, 11, 12, 14, 15, 17, 19, 20, 20, 21, 22, 25, 28, 28, 30, 31, 33, 34, 35, 35, 38]",1,38,False
-1,-8,11,473,7,-7,3311,76,"[1, 2, 3, 4, 5, 6, 7, 8, 8, 9, 10, 11, 12, 12, 13, 14, 15, 15, 16, 16, 17, 18, 20, 20, 21, 22, 23, 24, 24, 24, 24, 25, 26, 27, 28, 29, 30, 30, 32, 32, 33, 34, 35, 36, 36, 39, 39, 40, 40, 40, 40, 41, 42, 43, 44, 45, 45, 46, 48, 48, 48, 48, 50, 51, 51, 52, 52, 53, 54, 55, 56, 56, 58, 60, 60, 63]",1,63,False
-1,-8,11,473,11,-11,5203,25,"[1, 2, 4, 11, 13, 17, 22, 23, 26, 31, 34, 41, 43, 44, 46, 47, 52, 52, 53, 59, 62, 67, 68, 68, 82]",1,82,False
-1,-8,11,473,19,-19,8987,68,"[1, 2, 3, 4, 6, 7, 9, 11, 12, 12, 13, 14, 18, 19, 21, 21, 22, 23, 26, 27, 28, 28, 33, 36, 36, 37, 38, 39, 39, 41, 42, 42, 43, 44, 46, 47, 49, 52, 52, 54, 57, 61, 63, 63, 66, 69, 69, 71, 73, 74, 76, 77, 78, 78, 79, 81, 82, 84, 84, 84, 84, 86, 89, 91, 91, 92, 92, 94]",1,94,False
-1,-8,11,473,43,-43,20339,93,"[1, 2, 3, 4, 5, 6, 9, 10, 11, 12, 12, 15, 15, 18, 20, 20, 22, 23, 25, 27, 30, 30, 31, 33, 36, 36, 37, 43, 44, 45, 45, 46, 47, 50, 53, 54, 55, 59, 60, 60, 60, 60, 62, 66, 67, 69, 69, 71, 74, 75, 75, 81, 86, 89, 90, 90, 92, 92, 93, 93, 94, 97, 99, 100, 100, 103, 106, 108, 108, 110, 111, 111, 113, 115, 115, 118, 124, 124, 125, 129, 132, 132, 134, 135, 135, 137, 138, 138, 141, 141, 142, 148, 157]",1,157,False
-1,-8,11,473,67,-67,31691,148,"[1, 2, 3, 4, 5, 6, 9, 10, 11, 12, 12, 13, 15, 15, 18, 19, 20, 20, 22, 23, 25, 26, 27, 29, 30, 30, 33, 36, 36, 38, 39, 39, 41, 43, 44, 45, 45, 46, 47, 50, 52, 52, 54, 55, 57, 57, 58, 59, 60, 60, 60, 60, 65, 65, 66, 67, 69, 69, 73, 75, 75, 76, 76, 78, 78, 79, 81, 82, 86, 87, 87, 90, 90, 92, 92, 94, 95, 95, 99, 100, 100, 101, 103, 108, 108, 109, 110, 113, 114, 114, 115, 115, 116, 116, 117, 117, 118, 123, 123, 125, 129, 130, 130, 131, 132, 132, 134, 135, 135, 137, 138, 138, 139, 141, 141, 143, 145, 145, 146, 149, 150, 150, 151, 156, 156, 156, 156, 158, 162, 164, 164, 165, 165, 169, 171, 171, 172, 174, 174, 177, 177, 179, 180, 180, 181, 188, 190, 195]",1,195,False
-1,-8,11,473,163,-163,77099,204,"[1, 2, 3, 4, 5, 6, 9, 10, 11, 12, 12, 13, 15, 15, 17, 18, 20, 20, 22, 25, 26, 27, 30, 30, 33, 34, 36, 36, 37, 39, 39, 43, 44, 45, 45, 47, 50, 51, 51, 52, 52, 53, 54, 55, 60, 60, 60, 60, 61, 65, 65, 66, 68, 68, 74, 75, 75, 78, 78, 79, 81, 85, 85, 86, 89, 90, 90, 94, 97, 99, 100, 100, 101, 102, 102, 106, 107, 108, 108, 109, 110, 111, 111, 117, 117, 122, 125, 127, 129, 130, 130, 131, 132, 132, 135, 135, 137, 139, 141, 141, 143, 148, 148, 150, 150, 151, 153, 153, 156, 156, 156, 156, 157, 158, 159, 159, 162, 163, 165, 165, 169, 170, 170, 172, 178, 180, 180, 180, 180, 183, 183, 185, 185, 187, 188, 188, 191, 193, 194, 195, 195, 195, 195, 198, 202, 204, 204, 204, 204, 212, 212, 214, 215, 218, 220, 220, 221, 221, 222, 222, 225, 225, 227, 234, 234, 235, 235, 237, 237, 239, 243, 244, 244, 250, 251, 254, 255, 255, 255, 255, 257, 258, 260, 260, 260, 260, 262, 263, 265, 265, 267, 267, 270, 270, 271, 274, 275, 278, 282, 283, 291, 300, 303, 318]",1,318,False
-1,-5,3,564,1,-4,2256,36,"[1, 2, 3, 4, 4, 5, 6, 8, 8, 10, 12, 12, 15, 16, 16, 16, 19, 20, 20, 24, 24, 25, 29, 30, 31, 32, 32, 37, 38, 40, 40, 41, 43, 47, 48, 48]",1,48,False
-1,-5,3,564,2,-8,4512,38,"[1, 2, 3, 4, 4, 6, 8, 8, 11, 12, 12, 13, 16, 16, 16, 22, 24, 24, 26, 31, 32, 32, 32, 33, 39, 41, 44, 44, 47, 48, 48, 48, 52, 52, 53, 62, 66, 71]",1,71,False
-1,-5,3,564,3,-3,1692,36,"[1, 2, 3, 4, 4, 6, 7, 8, 9, 9, 12, 12, 14, 16, 16, 17, 18, 18, 21, 24, 27, 27, 27, 28, 28, 32, 32, 32, 32, 34, 36, 36, 36, 36, 37, 42]",1,42,False
-1,-5,3,564,7,-7,3948,48,"[1, 2, 3, 4, 4, 6, 7, 8, 11, 12, 12, 13, 14, 16, 16, 17, 19, 21, 22, 23, 24, 26, 28, 28, 29, 31, 33, 34, 37, 38, 39, 42, 44, 44, 46, 47, 48, 48, 51, 52, 52, 56, 57, 58, 59, 62, 68, 69]",1,69,False
-1,-5,3,564,11,-11,6204,72,"[1, 2, 3, 4, 4, 5, 6, 8, 10, 11, 12, 12, 13, 15, 16, 16, 17, 19, 20, 20, 22, 23, 24, 25, 26, 30, 32, 32, 32, 32, 33, 34, 37, 38, 39, 40, 40, 43, 44, 44, 46, 47, 48, 48, 50, 51, 52, 52, 55, 57, 60, 60, 64, 64, 64, 64, 65, 65, 66, 68, 68, 69, 73, 74, 75, 76, 76, 78, 80, 80, 80, 83]",1,83,False
-1,-5,3,564,19,-19,10716,112,"[1, 2, 3, 4, 4, 5, 6, 7, 8, 10, 11, 12, 12, 13, 14, 15, 16, 16, 19, 20, 20, 21, 22, 23, 24, 25, 26, 28, 28, 30, 31, 32, 32, 32, 32, 33, 35, 35, 38, 39, 40, 40, 42, 44, 44, 46, 47, 48, 48, 49, 50, 52, 52, 53, 55, 55, 56, 56, 57, 59, 60, 60, 61, 62, 64, 64, 64, 64, 65, 65, 66, 67, 69, 70, 70, 71, 75, 76, 76, 77, 77, 78, 80, 80, 80, 80, 84, 84, 88, 88, 89, 91, 91, 92, 92, 93, 94, 95, 96, 96, 96, 96, 98, 100, 100, 104, 104, 105, 105, 106, 110, 112]",1,112,False
-1,-5,3,564,43,-43,24252,80,"[1, 2, 3, 4, 4, 6, 8, 11, 12, 12, 16, 16, 19, 22, 23, 24, 32, 32, 32, 32, 33, 38, 41, 43, 44, 44, 46, 47, 48, 48, 57, 64, 64, 64, 64, 66, 69, 71, 73, 76, 76, 79, 82, 86, 88, 88, 89, 92, 92, 94, 96, 96, 96, 96, 97, 103, 107, 114, 121, 123, 128, 128, 128, 128, 129, 131, 132, 132, 138, 141, 142, 146, 149, 151, 152, 152, 158, 164, 172, 176]",1,176,False
-1,-5,3,564,67,-67,37788,96,"[1, 2, 3, 4, 4, 6, 8, 12, 12, 13, 16, 16, 23, 24, 26, 29, 31, 32, 32, 32, 32, 37, 39, 43, 46, 47, 48, 48, 52, 52, 53, 58, 62, 64, 64, 64, 64, 67, 69, 74, 78, 86, 87, 92, 92, 93, 94, 96, 96, 96, 96, 101, 103, 104, 104, 106, 107, 109, 111, 116, 116, 124, 124, 128, 128, 128, 128, 129, 134, 138, 139, 141, 148, 148, 156, 156, 157, 159, 167, 169, 172, 172, 174, 184, 184, 186, 188, 188, 191, 192, 192, 192, 192, 202, 208, 208]",1,208,False
-1,-5,3,564,163,-163,91932,160,"[1, 2, 3, 4, 4, 6, 8, 12, 12, 13, 16, 16, 17, 19, 24, 26, 31, 32, 32, 32, 32, 34, 38, 39, 41, 47, 48, 48, 51, 52, 52, 57, 59, 61, 62, 64, 64, 64, 64, 67, 68, 68, 73, 76, 76, 78, 82, 89, 93, 94, 96, 96, 96, 96, 97, 101, 102, 104, 104, 109, 113, 114, 118, 122, 123, 124, 124, 127, 128, 128, 128, 128, 134, 136, 136, 139, 141, 146, 149, 152, 152, 156, 156, 163, 164, 164, 167, 169, 177, 178, 179, 181, 183, 186, 188, 188, 191, 192, 192, 192, 192, 193, 194, 201, 202, 204, 204, 208, 208, 208, 208, 211, 218, 219, 221, 221, 226, 227, 228, 228, 229, 236, 236, 239, 244, 244, 246, 247, 247, 248, 248, 254, 256, 256, 256, 256, 267, 268, 268, 269, 272, 272, 272, 272, 278, 281, 282, 289, 291, 292, 292, 298, 303, 304, 304, 304, 304, 312, 323, 323]",1,323,False
-1,-6,-2,568,1,-4,2272,19,"[1, 2, 4, 4, 8, 8, 11, 13, 16, 16, 16, 22, 26, 32, 32, 32, 44, 44, 52]",1,52,False
-1,-6,-2,568,2,-8,4544,62,"[1, 2, 3, 4, 4, 5, 6, 8, 8, 9, 10, 12, 12, 15, 15, 16, 16, 16, 18, 19, 20, 20, 24, 24, 25, 27, 29, 30, 30, 32, 32, 32, 36, 36, 37, 38, 40, 40, 43, 45, 45, 48, 48, 48, 48, 50, 54, 57, 57, 58, 60, 60, 60, 60, 64, 64, 64, 64, 64, 72, 73, 75]",1,75,False
-1,-6,-2,568,3,-3,1704,42,"[1, 2, 3, 4, 4, 5, 6, 7, 8, 8, 10, 11, 12, 12, 13, 14, 15, 17, 19, 20, 20, 21, 22, 24, 24, 25, 26, 28, 28, 29, 30, 31, 33, 34, 35, 35, 38, 39, 40, 40, 41, 42]",1,42,False
-1,-6,-2,568,7,-7,3976,30,"[1, 2, 4, 4, 5, 7, 8, 8, 10, 14, 17, 20, 20, 23, 25, 28, 28, 34, 35, 40, 40, 41, 43, 46, 50, 53, 56, 56, 59, 68]",1,68,False
-1,-6,-2,568,11,-11,6248,48,"[1, 2, 3, 4, 4, 6, 8, 8, 9, 11, 12, 12, 17, 18, 22, 23, 24, 24, 27, 29, 31, 33, 34, 36, 36, 41, 44, 44, 46, 47, 51, 51, 53, 54, 58, 62, 66, 68, 68, 69, 69, 71, 72, 72, 79, 81, 82, 88]",1,88,False
-1,-6,-2,568,19,-19,10792,42,"[1, 2, 4, 4, 7, 8, 8, 14, 19, 23, 28, 28, 29, 37, 38, 41, 43, 46, 47, 49, 56, 56, 58, 59, 61, 67, 71, 73, 74, 76, 76, 79, 82, 83, 86, 92, 92, 94, 97, 98, 103, 109]",1,109,False
-1,-6,-2,568,43,-43,24424,66,"[1, 2, 4, 4, 5, 8, 8, 10, 13, 20, 20, 23, 25, 26, 29, 31, 37, 40, 40, 43, 46, 47, 50, 52, 52, 53, 58, 62, 65, 65, 71, 74, 83, 86, 92, 92, 94, 100, 100, 104, 104, 106, 107, 113, 115, 115, 116, 116, 124, 124, 125, 127, 130, 130, 137, 142, 145, 145, 148, 148, 151, 155, 155, 157, 172, 173]",1,173,False
-1,-6,-2,568,67,-67,38056,84,"[1, 2, 4, 4, 5, 8, 8, 10, 11, 19, 20, 20, 22, 23, 25, 38, 40, 40, 41, 44, 44, 46, 47, 50, 55, 55, 67, 71, 73, 76, 76, 79, 82, 83, 88, 88, 89, 92, 92, 94, 95, 95, 97, 100, 100, 101, 107, 109, 110, 110, 113, 115, 115, 121, 125, 127, 131, 134, 137, 139, 142, 146, 149, 152, 152, 158, 164, 164, 166, 173, 178, 181, 184, 184, 188, 188, 190, 190, 191, 194, 200, 205, 209, 220]",1,220,False
-1,-6,-2,568,163,-163,92584,144,"[1, 2, 4, 4, 5, 8, 8, 10, 11, 17, 20, 20, 22, 25, 29, 34, 37, 40, 40, 43, 44, 44, 47, 50, 53, 55, 55, 58, 59, 61, 67, 68, 68, 71, 74, 79, 83, 85, 85, 86, 88, 88, 94, 100, 100, 101, 103, 106, 109, 110, 110, 116, 116, 118, 121, 122, 125, 131, 134, 136, 136, 137, 139, 142, 145, 145, 148, 148, 157, 158, 163, 166, 170, 170, 172, 172, 173, 179, 185, 185, 187, 187, 188, 188, 191, 193, 197, 200, 200, 202, 206, 211, 212, 212, 215, 215, 218, 220, 220, 220, 220, 229, 232, 232, 235, 235, 236, 236, 241, 242, 244, 244, 250, 251, 257, 262, 265, 265, 268, 268, 271, 274, 275, 275, 277, 278, 283, 284, 284, 289, 290, 290, 293, 295, 295, 296, 296, 305, 305, 311, 314, 316, 319, 335]",1,335,False
-1,-9,13,592,1,-4,2368,21,"[1, 2, 4, 4, 8, 8, 16, 16, 16, 19, 23, 31, 32, 32, 32, 37, 38, 41, 43, 46, 53]",1,53,False
-1,-9,13,592,2,-8,4736,82,"[1, 2, 3, 4, 4, 5, 6, 8, 8, 9, 10, 11, 12, 12, 13, 15, 15, 16, 16, 16, 18, 20, 20, 22, 23, 24, 24, 25, 26, 27, 29, 30, 30, 31, 32, 32, 32, 33, 33, 36, 36, 37, 39, 39, 40, 40, 41, 44, 44, 45, 45, 46, 48, 48, 48, 48, 50, 52, 52, 54, 55, 55, 58, 60, 60, 60, 60, 61, 62, 64, 64, 64, 64, 64, 65, 65, 66, 66, 67, 69, 69, 72]",1,72,False
-1,-9,13,592,3,-3,1776,40,"[1, 2, 3, 4, 4, 5, 6, 7, 8, 8, 10, 12, 12, 14, 15, 16, 16, 16, 17, 20, 20, 21, 23, 24, 24, 25, 28, 28, 29, 30, 32, 32, 34, 35, 35, 37, 40, 40, 42, 48]",1,48,False
-1,-9,13,592,7,-7,4144,52,"[1, 2, 4, 4, 5, 7, 8, 8, 10, 11, 13, 14, 16, 16, 16, 17, 19, 20, 20, 22, 25, 26, 28, 28, 31, 32, 32, 34, 35, 37, 38, 40, 40, 44, 44, 50, 52, 52, 53, 55, 55, 56, 56, 59, 61, 62, 64, 64, 64, 64, 65, 68]",1,68,False
-1,-9,13,592,11,-11,6512,72,"[1, 2, 3, 4, 4, 6, 8, 8, 9, 11, 12, 12, 13, 16, 16, 16, 17, 18, 19, 22, 24, 24, 26, 27, 29, 32, 32, 33, 34, 36, 36, 37, 38, 39, 39, 43, 44, 44, 47, 48, 48, 48, 48, 51, 51, 52, 52, 53, 54, 57, 57, 58, 61, 64, 64, 64, 64, 66, 67, 68, 68, 71, 72, 72, 74, 76, 76, 78, 78, 79, 81, 88]",1,88,False
-1,-9,13,592,19,-19,11248,64,"[1, 2, 4, 4, 7, 8, 8, 11, 13, 14, 16, 16, 16, 19, 22, 26, 28, 28, 29, 31, 32, 32, 37, 38, 44, 44, 47, 49, 52, 52, 56, 56, 58, 59, 62, 64, 64, 64, 64, 73, 74, 76, 76, 77, 77, 79, 83, 88, 88, 89, 91, 91, 94, 97, 98, 101, 103, 104, 104, 109, 112, 112, 113, 116]",1,116,False
-1,-9,13,592,43,-43,25456,96,"[1, 2, 4, 4, 5, 8, 8, 10, 11, 16, 16, 16, 19, 20, 20, 22, 25, 29, 32, 32, 37, 38, 40, 40, 41, 43, 44, 44, 47, 50, 53, 55, 55, 58, 61, 64, 64, 64, 64, 67, 74, 76, 76, 80, 80, 80, 80, 82, 83, 86, 88, 88, 89, 94, 95, 95, 100, 100, 101, 106, 107, 110, 110, 113, 116, 116, 121, 122, 125, 127, 128, 128, 128, 128, 128, 128, 128, 128, 131, 134, 139, 145, 145, 148, 148, 152, 152, 160, 160, 160, 160, 163, 164, 166, 172, 176]",1,176,False
-1,-9,13,592,67,-67,39664,104,"[1, 2, 4, 4, 5, 8, 8, 10, 13, 16, 16, 16, 20, 20, 25, 26, 31, 32, 32, 37, 40, 40, 43, 47, 50, 52, 52, 61, 62, 64, 64, 64, 64, 65, 65, 67, 71, 73, 74, 79, 80, 80, 80, 80, 83, 86, 94, 97, 100, 100, 104, 104, 107, 109, 113, 122, 124, 124, 125, 127, 128, 128, 128, 128, 128, 128, 128, 128, 130, 130, 134, 142, 146, 148, 148, 149, 151, 155, 155, 157, 158, 160, 160, 160, 160, 166, 169, 172, 172, 173, 179, 181, 185, 188, 188, 191, 194, 200, 200, 208, 208, 215, 215, 218]",1,218,False
-1,-9,13,592,163,-163,96496,208,"[1, 2, 4, 4, 5, 8, 8, 10, 13, 16, 16, 16, 17, 19, 20, 20, 23, 25, 26, 29, 31, 32, 32, 34, 37, 38, 40, 40, 41, 46, 47, 50, 52, 52, 53, 58, 59, 62, 64, 64, 64, 64, 65, 65, 68, 68, 71, 74, 76, 76, 79, 80, 80, 80, 80, 82, 83, 85, 85, 89, 92, 92, 94, 95, 95, 100, 100, 103, 104, 104, 106, 109, 115, 115, 116, 116, 118, 124, 124, 125, 128, 128, 128, 128, 128, 128, 128, 128, 130, 130, 136, 136, 142, 145, 145, 148, 148, 151, 152, 152, 155, 155, 158, 160, 160, 160, 160, 163, 164, 164, 166, 169, 170, 170, 173, 178, 184, 184, 185, 188, 188, 190, 190, 191, 193, 197, 200, 200, 205, 205, 206, 208, 208, 208, 208, 212, 212, 218, 221, 221, 223, 230, 230, 232, 232, 235, 235, 236, 236, 239, 241, 247, 247, 248, 248, 250, 256, 256, 256, 256, 256, 256, 256, 256, 257, 260, 260, 260, 260, 263, 265, 265, 272, 272, 272, 272, 277, 283, 284, 284, 289, 290, 290, 295, 295, 296, 296, 299, 299, 302, 304, 304, 304, 304, 307, 310, 310, 311, 316, 316, 320, 320, 320, 320, 323, 325, 332, 340]",1,340,False
0,-18,-29,621,1,-4,2484,56,"[1, 2, 3, 4, 4, 5, 6, 7, 8, 9, 9, 10, 12, 12, 13, 14, 15, 17, 18, 18, 19, 20, 20, 21, 23, 24, 25, 26, 27, 27, 28, 28, 30, 34, 35, 35, 36, 36, 36, 36, 38, 39, 40, 40, 42, 43, 45, 45, 45, 46, 47, 49, 50, 51, 52, 53]",1,53,False
0,-18,-29,621,2,-8,4968,60,"[1, 2, 3, 4, 4, 6, 7, 8, 8, 9, 9, 11, 12, 12, 14, 17, 18, 18, 21, 22, 23, 24, 24, 27, 27, 28, 28, 29, 33, 34, 36, 36, 36, 36, 37, 42, 44, 44, 46, 47, 49, 51, 54, 54, 56, 56, 58, 61, 63, 63, 63, 66, 68, 68, 69, 71, 72, 72, 73, 77]",1,77,False
0,-18,-29,621,3,-3,1863,32,"[1, 2, 3, 4, 6, 8, 8, 9, 9, 12, 13, 16, 16, 18, 18, 23, 24, 24, 26, 27, 27, 29, 31, 32, 32, 36, 36, 36, 39, 41, 46, 48]",1,48,False
0,-18,-29,621,7,-7,4347,40,"[1, 2, 3, 4, 6, 7, 9, 9, 11, 12, 14, 18, 18, 19, 21, 22, 23, 27, 27, 28, 33, 36, 36, 36, 38, 41, 42, 44, 44, 46, 47, 53, 54, 54, 57, 59, 61, 63, 63, 66]",1,66,False
0,-18,-29,621,11,-11,6831,104,"[1, 2, 3, 4, 5, 6, 7, 8, 8, 9, 9, 10, 11, 12, 14, 15, 16, 16, 18, 18, 19, 20, 20, 21, 22, 23, 24, 24, 25, 27, 27, 28, 28, 29, 30, 31, 32, 32, 33, 35, 35, 36, 36, 36, 38, 40, 40, 40, 40, 41, 42, 43, 44, 45, 45, 45, 46, 48, 48, 49, 50, 53, 54, 54, 55, 56, 56, 56, 56, 57, 58, 60, 60, 61, 62, 63, 63, 63, 64, 64, 66, 69, 70, 70, 72, 72, 72, 72, 72, 72, 75, 76, 76, 77, 79, 80, 80, 80, 80, 82, 84, 84, 87, 88]",1,88,False
0,-18,-29,621,19,-19,11799,120,"[1, 2, 3, 4, 5, 6, 8, 8, 9, 9, 10, 11, 12, 15, 16, 16, 17, 18, 18, 19, 20, 20, 22, 23, 24, 24, 25, 27, 27, 29, 30, 32, 32, 33, 34, 36, 36, 36, 37, 38, 40, 40, 40, 40, 41, 44, 44, 45, 45, 45, 46, 48, 48, 50, 51, 54, 54, 55, 55, 57, 58, 59, 60, 60, 64, 64, 66, 67, 68, 68, 69, 71, 72, 72, 72, 72, 72, 72, 73, 74, 75, 76, 79, 80, 80, 80, 80, 82, 83, 85, 85, 87, 88, 88, 88, 88, 90, 90, 90, 92, 95, 96, 96, 97, 99, 99, 99, 100, 100, 102, 103, 108, 108, 108, 109, 110, 111, 114, 115, 120]",1,120,False
0,-18,-29,621,43,-43,26703,184,"[1, 2, 3, 4, 6, 7, 8, 8, 9, 9, 11, 12, 13, 14, 16, 16, 17, 18, 18, 19, 21, 22, 23, 24, 24, 26, 27, 27, 28, 28, 29, 31, 32, 32, 33, 34, 36, 36, 36, 37, 38, 39, 42, 43, 44, 44, 46, 48, 48, 49, 51, 52, 52, 53, 54, 54, 56, 56, 56, 56, 57, 58, 61, 62, 63, 63, 63, 64, 64, 66, 68, 68, 69, 71, 72, 72, 72, 72, 72, 72, 74, 76, 76, 77, 77, 78, 83, 84, 84, 86, 87, 88, 88, 88, 88, 91, 91, 92, 93, 96, 96, 98, 99, 99, 99, 102, 104, 104, 104, 104, 106, 107, 108, 108, 108, 111, 112, 112, 112, 112, 114, 116, 116, 117, 117, 117, 119, 119, 121, 122, 124, 124, 126, 126, 126, 127, 128, 128, 129, 131, 132, 132, 133, 133, 136, 136, 136, 136, 138, 139, 142, 143, 143, 144, 144, 144, 144, 144, 144, 147, 148, 148, 152, 152, 152, 152, 153, 153, 153, 154, 154, 156, 156, 157, 159, 161, 166, 168, 168, 168, 169, 171, 176, 176]",1,176,False
0,-18,-29,621,67,-67,41607,152,"[1, 2, 3, 4, 6, 7, 8, 8, 9, 9, 12, 14, 16, 16, 17, 18, 18, 21, 23, 24, 24, 27, 27, 28, 28, 32, 32, 34, 36, 36, 36, 41, 42, 43, 46, 48, 48, 49, 51, 54, 54, 56, 56, 56, 56, 61, 63, 63, 63, 64, 64, 67, 68, 68, 69, 72, 72, 72, 72, 72, 72, 73, 79, 82, 83, 84, 84, 86, 89, 92, 96, 96, 97, 98, 101, 102, 107, 108, 108, 108, 109, 112, 112, 112, 112, 119, 119, 122, 123, 126, 126, 126, 127, 128, 128, 129, 134, 136, 136, 136, 136, 138, 144, 144, 144, 144, 144, 144, 146, 147, 149, 151, 153, 153, 153, 158, 161, 163, 164, 164, 166, 168, 168, 168, 168, 172, 172, 178, 179, 183, 184, 184, 189, 189, 189, 192, 192, 193, 194, 196, 196, 197, 201, 202, 204, 204, 207, 211, 214, 216, 216, 218]",1,218,False
0,-18,-29,621,163,-163,101223,232,"[1, 2, 3, 4, 6, 7, 8, 8, 9, 9, 12, 14, 16, 16, 18, 18, 19, 21, 23, 24, 24, 27, 27, 28, 28, 29, 32, 32, 36, 36, 36, 37, 38, 42, 46, 48, 48, 49, 53, 54, 54, 56, 56, 56, 56, 57, 58, 59, 63, 63, 63, 64, 64, 67, 69, 72, 72, 72, 72, 72, 72, 74, 76, 76, 79, 83, 84, 84, 87, 92, 96, 96, 98, 101, 103, 106, 108, 108, 108, 109, 111, 112, 112, 112, 112, 113, 114, 116, 116, 118, 126, 126, 126, 128, 128, 133, 133, 134, 138, 144, 144, 144, 144, 144, 144, 147, 148, 148, 151, 152, 152, 152, 152, 157, 158, 159, 161, 163, 166, 168, 168, 168, 168, 171, 171, 171, 174, 177, 181, 184, 184, 189, 189, 189, 192, 192, 196, 196, 201, 202, 203, 203, 206, 207, 207, 212, 212, 216, 216, 216, 216, 216, 216, 218, 222, 223, 224, 224, 224, 224, 226, 227, 228, 228, 229, 232, 232, 232, 232, 233, 236, 236, 237, 239, 241, 249, 251, 252, 252, 252, 252, 252, 252, 256, 256, 257, 259, 259, 261, 261, 261, 263, 266, 266, 268, 268, 269, 276, 281, 283, 288, 288, 288, 288, 288, 288, 294, 296, 296, 296, 296, 302, 303, 304, 304, 304, 304, 307, 309, 311, 314, 316, 316, 317, 318, 326, 327, 332, 333, 333, 336, 348]",1,348,False
-1,-14,25,697,1,-4,2788,16,"[1, 2, 4, 4, 8, 17, 19, 23, 29, 31, 34, 38, 41, 46, 47, 58]",1,58,False
-1,-14,25,697,2,-8,5576,78,"[1, 2, 3, 4, 4, 5, 6, 8, 8, 9, 10, 11, 12, 12, 13, 15, 15, 17, 18, 20, 20, 22, 23, 24, 24, 25, 26, 27, 30, 30, 31, 33, 33, 34, 36, 36, 37, 39, 39, 40, 40, 41, 43, 44, 44, 45, 45, 46, 47, 50, 51, 52, 52, 53, 54, 55, 55, 59, 60, 60, 60, 60, 61, 62, 65, 65, 66, 66, 68, 68, 69, 69, 72, 72, 74, 75, 75, 78]",1,78,False
-1,-14,25,697,3,-3,2091,28,"[1, 2, 3, 4, 5, 6, 7, 10, 12, 14, 15, 17, 20, 20, 21, 23, 25, 28, 28, 30, 34, 35, 35, 41, 42, 43, 46, 47]",1,47,False
-1,-14,25,697,7,-7,4879,56,"[1, 2, 4, 5, 7, 8, 8, 10, 11, 13, 14, 16, 16, 17, 19, 20, 20, 22, 25, 26, 28, 29, 31, 32, 32, 34, 35, 38, 40, 40, 40, 40, 41, 43, 44, 44, 47, 50, 52, 52, 55, 55, 56, 56, 58, 61, 62, 64, 64, 65, 65, 68, 70, 71, 73, 80]",1,80,False
-1,-14,25,697,11,-11,7667,44,"[1, 2, 3, 4, 6, 9, 11, 12, 12, 13, 17, 18, 19, 22, 26, 27, 33, 34, 36, 36, 38, 39, 39, 41, 44, 51, 52, 52, 54, 57, 57, 59, 61, 66, 68, 71, 73, 76, 76, 78, 78, 81, 82, 97]",1,97,False
-1,-14,25,697,19,-19,13243,44,"[1, 2, 4, 7, 11, 13, 14, 17, 19, 22, 26, 28, 28, 31, 34, 37, 38, 41, 43, 44, 44, 49, 52, 52, 53, 62, 67, 68, 74, 76, 77, 77, 82, 83, 86, 89, 91, 91, 98, 106, 107, 113, 119, 124]",1,124,False
-1,-14,25,697,43,-43,29971,68,"[1, 2, 4, 5, 10, 11, 17, 19, 20, 20, 22, 25, 34, 37, 38, 41, 43, 44, 44, 50, 55, 55, 59, 61, 68, 73, 74, 76, 76, 79, 82, 83, 85, 86, 89, 95, 95, 97, 100, 100, 103, 109, 110, 110, 113, 118, 121, 122, 125, 127, 131, 137, 146, 148, 148, 149, 151, 157, 158, 163, 164, 166, 167, 170, 172, 179, 185, 190]",1,190,False
-1,-14,25,697,67,-67,46699,76,"[1, 2, 4, 5, 10, 13, 17, 20, 20, 25, 26, 29, 31, 34, 41, 50, 52, 52, 53, 58, 59, 61, 62, 65, 65, 67, 68, 71, 82, 83, 85, 100, 100, 101, 103, 106, 113, 116, 116, 118, 122, 124, 124, 125, 127, 130, 130, 134, 137, 139, 142, 145, 145, 155, 155, 164, 166, 167, 169, 170, 179, 181, 191, 193, 197, 199, 202, 205, 206, 211, 212, 212, 221, 223, 226, 227]",1,227,False
-1,-14,25,697,163,-163,113611,140,"[1, 2, 4, 5, 10, 13, 17, 19, 20, 20, 23, 25, 26, 31, 34, 37, 38, 41, 43, 46, 50, 52, 52, 62, 65, 65, 67, 68, 71, 73, 74, 76, 76, 82, 83, 85, 86, 89, 92, 92, 95, 95, 97, 100, 100, 101, 107, 115, 115, 124, 124, 125, 130, 130, 134, 137, 139, 142, 146, 148, 148, 149, 155, 155, 157, 163, 164, 166, 167, 169, 170, 172, 172, 178, 185, 185, 190, 190, 191, 194, 199, 202, 205, 214, 215, 215, 221, 223, 227, 229, 230, 230, 239, 241, 247, 247, 250, 251, 257, 260, 260, 260, 260, 268, 268, 269, 274, 277, 278, 283, 284, 284, 292, 292, 293, 298, 299, 299, 307, 310, 310, 313, 314, 323, 325, 325, 326, 331, 332, 332, 334, 335, 335, 337, 338, 340, 347, 355, 359, 380]",1,380,False
-1,-7,8,733,1,-4,2932,23,"[1, 2, 4, 4, 7, 8, 11, 14, 17, 22, 23, 28, 28, 34, 37, 41, 43, 44, 44, 46, 49, 53, 56]",1,56,False
-1,-7,8,733,2,-8,5864,90,"[1, 2, 3, 4, 4, 5, 6, 7, 8, 8, 9, 10, 12, 12, 13, 14, 15, 15, 17, 18, 19, 20, 20, 21, 21, 23, 24, 24, 25, 26, 27, 28, 28, 29, 30, 30, 34, 35, 35, 36, 36, 38, 39, 39, 40, 40, 41, 42, 42, 45, 45, 46, 49, 50, 51, 51, 52, 52, 54, 56, 56, 57, 57, 58, 59, 60, 60, 60, 60, 63, 63, 65, 65, 68, 68, 69, 69, 70, 70, 71, 72, 72, 73, 75, 75, 76, 76, 78, 82, 84]",1,84,False
-1,-7,8,733,3,-3,2199,38,"[1, 2, 3, 4, 5, 6, 8, 8, 10, 11, 12, 15, 16, 16, 19, 20, 20, 22, 23, 24, 24, 25, 29, 30, 31, 32, 32, 33, 37, 38, 40, 40, 40, 40, 44, 44, 46, 48]",1,48,False
-1,-7,8,733,7,-7,5131,22,"[1, 2, 4, 5, 7, 10, 13, 14, 20, 20, 25, 26, 28, 35, 37, 50, 52, 52, 53, 65, 65, 70]",1,70,False
-1,-7,8,733,11,-11,8063,88,"[1, 2, 3, 4, 6, 7, 8, 8, 9, 11, 12, 12, 13, 14, 16, 16, 18, 21, 21, 22, 24, 24, 24, 24, 26, 27, 28, 28, 29, 31, 32, 32, 33, 36, 36, 37, 39, 39, 42, 42, 43, 44, 47, 48, 48, 48, 48, 49, 52, 52, 53, 54, 56, 56, 56, 56, 58, 59, 62, 63, 63, 64, 64, 66, 72, 72, 72, 72, 74, 77, 78, 78, 81, 84, 84, 84, 84, 86, 87, 87, 88, 88, 89, 91, 94, 96, 97, 99]",1,99,False
-1,-7,8,733,19,-19,13927,42,"[1, 2, 4, 8, 8, 13, 16, 16, 17, 19, 26, 29, 32, 32, 34, 38, 47, 52, 52, 58, 61, 64, 64, 67, 68, 68, 71, 73, 76, 83, 94, 103, 104, 104, 104, 104, 107, 109, 113, 116, 116, 128]",1,128,False
-1,-7,8,733,43,-43,31519,116,"[1, 2, 4, 5, 7, 8, 8, 10, 14, 16, 16, 17, 20, 20, 25, 28, 28, 29, 31, 32, 32, 34, 35, 35, 40, 40, 40, 40, 41, 43, 47, 49, 50, 53, 56, 56, 56, 56, 58, 59, 62, 64, 64, 68, 68, 70, 70, 71, 79, 80, 80, 80, 80, 82, 83, 85, 85, 86, 94, 97, 98, 100, 100, 106, 112, 112, 112, 112, 113, 116, 116, 118, 119, 119, 124, 124, 125, 127, 128, 128, 131, 136, 136, 136, 136, 137, 139, 140, 140, 140, 140, 142, 145, 145, 149, 151, 155, 155, 158, 160, 160, 160, 160, 164, 164, 166, 167, 170, 170, 172, 173, 175, 175, 181, 188, 199]",1,199,False
-1,-7,8,733,67,-67,49111,192,"[1, 2, 4, 5, 7, 8, 8, 10, 11, 13, 14, 16, 16, 17, 19, 20, 20, 22, 25, 26, 28, 28, 32, 32, 34, 35, 35, 37, 38, 40, 40, 40, 40, 43, 44, 44, 47, 49, 50, 52, 52, 55, 55, 56, 56, 56, 56, 59, 64, 64, 65, 65, 67, 68, 68, 70, 70, 73, 74, 76, 76, 77, 77, 80, 80, 80, 80, 83, 85, 85, 86, 88, 88, 88, 88, 89, 91, 91, 94, 95, 95, 98, 100, 100, 101, 104, 104, 104, 104, 109, 110, 110, 112, 112, 112, 112, 113, 118, 119, 119, 121, 125, 127, 128, 128, 130, 130, 133, 133, 134, 136, 136, 136, 136, 137, 140, 140, 140, 140, 143, 143, 146, 148, 148, 152, 152, 152, 152, 154, 154, 157, 160, 160, 160, 160, 163, 166, 167, 169, 170, 170, 172, 172, 173, 175, 175, 176, 176, 176, 176, 178, 181, 182, 182, 185, 185, 187, 187, 188, 188, 190, 190, 196, 196, 200, 200, 200, 200, 202, 208, 208, 208, 208, 209, 209, 211, 215, 215, 218, 220, 220, 220, 220, 221, 221, 223, 224, 224, 226, 233, 235, 238]",1,238,False
-1,-7,8,733,163,-163,119479,278,"[1, 2, 4, 5, 7, 8, 8, 10, 11, 13, 14, 16, 16, 20, 20, 22, 23, 25, 26, 28, 28, 29, 32, 32, 35, 35, 40, 40, 40, 40, 41, 44, 44, 46, 47, 49, 50, 52, 52, 53, 55, 55, 56, 56, 56, 56, 58, 61, 64, 64, 65, 65, 67, 70, 70, 77, 77, 80, 80, 80, 80, 82, 83, 88, 88, 88, 88, 91, 91, 92, 92, 94, 97, 98, 100, 100, 101, 103, 104, 104, 104, 104, 106, 107, 109, 110, 110, 112, 112, 112, 112, 115, 115, 116, 116, 121, 122, 125, 128, 128, 130, 130, 134, 137, 140, 140, 140, 140, 143, 143, 145, 145, 149, 154, 154, 160, 160, 160, 160, 161, 161, 163, 164, 164, 166, 167, 169, 173, 175, 175, 176, 176, 176, 176, 179, 182, 182, 184, 184, 184, 184, 188, 188, 193, 194, 196, 196, 197, 200, 200, 200, 200, 202, 203, 203, 205, 205, 206, 208, 208, 208, 208, 212, 212, 214, 218, 220, 220, 220, 220, 223, 224, 224, 224, 224, 230, 230, 232, 232, 232, 232, 233, 235, 235, 242, 244, 244, 245, 245, 250, 253, 253, 256, 256, 257, 260, 260, 260, 260, 263, 265, 265, 268, 268, 269, 271, 274, 275, 275, 277, 280, 280, 280, 280, 280, 280, 280, 280, 283, 286, 286, 287, 287, 290, 290, 293, 298, 299, 299, 305, 305, 307, 308, 308, 308, 308, 311, 313, 319, 319, 320, 320, 320, 320, 322, 322, 325, 325, 326, 328, 328, 328, 328, 329, 329, 332, 332, 334, 335, 335, 337, 338, 343, 346, 347, 349, 350, 350, 352, 352, 352, 358, 364, 368, 368, 376, 388, 392]",1,392,False
0,-6,-2,756,1,-4,3024,72,"[1, 2, 3, 4, 4, 5, 6, 7, 8, 8, 9, 9, 10, 11, 12, 12, 14, 15, 16, 16, 16, 17, 18, 18, 19, 20, 20, 21, 22, 23, 24, 24, 25, 27, 27, 28, 28, 30, 31, 32, 32, 33, 34, 35, 36, 36, 36, 36, 37, 38, 40, 40, 41, 42, 44, 44, 45, 45, 45, 46, 48, 48, 48, 50, 51, 54, 54, 55, 55, 56, 57, 60]",1,60,False
0,-6,-2,756,2,-8,6048,76,"[1, 2, 3, 4, 4, 6, 7, 8, 8, 9, 9, 12, 12, 13, 14, 16, 16, 16, 17, 18, 18, 21, 23, 24, 24, 26, 27, 27, 28, 28, 29, 31, 32, 32, 32, 34, 36, 36, 36, 36, 39, 41, 42, 43, 46, 48, 48, 48, 51, 52, 52, 53, 54, 54, 56, 56, 58, 59, 61, 62, 63, 63, 67, 68, 68, 69, 71, 72, 72, 72, 72, 78, 82, 83, 84, 87]",1,87,False
0,-6,-2,756,3,-3,2268,44,"[1, 2, 3, 4, 4, 6, 7, 8, 9, 9, 11, 12, 12, 14, 16, 16, 18, 18, 21, 22, 23, 24, 27, 27, 28, 28, 29, 32, 32, 32, 32, 33, 36, 36, 36, 36, 37, 42, 43, 44, 44, 46, 48, 48]",1,48,False
0,-6,-2,756,7,-7,5292,59,"[1, 2, 3, 4, 4, 6, 7, 8, 9, 9, 12, 12, 13, 14, 16, 16, 18, 18, 19, 21, 24, 26, 27, 27, 28, 28, 31, 36, 36, 36, 36, 37, 38, 39, 42, 43, 48, 48, 49, 49, 49, 49, 52, 52, 54, 54, 56, 57, 61, 62, 63, 63, 67, 72, 72, 72, 73, 76, 84]",1,84,False
0,-6,-2,756,11,-11,8316,112,"[1, 2, 3, 4, 4, 5, 6, 7, 8, 9, 9, 10, 11, 12, 12, 13, 14, 15, 16, 16, 18, 18, 19, 20, 20, 21, 22, 24, 25, 26, 27, 27, 28, 28, 29, 30, 32, 32, 32, 32, 33, 35, 36, 36, 36, 36, 37, 38, 39, 40, 40, 42, 44, 44, 45, 45, 45, 47, 48, 48, 50, 52, 52, 54, 54, 55, 56, 57, 58, 59, 60, 60, 61, 63, 63, 64, 64, 64, 64, 65, 65, 66, 67, 70, 72, 72, 72, 73, 74, 75, 76, 76, 77, 78, 80, 80, 80, 80, 84, 84, 87, 88, 89, 90, 90, 90, 91, 95, 95, 96, 96, 104]",1,104,False
0,-6,-2,756,19,-19,14364,144,"[1, 2, 3, 4, 4, 5, 6, 7, 8, 9, 9, 10, 12, 12, 13, 14, 15, 16, 16, 17, 18, 18, 19, 20, 20, 21, 24, 25, 26, 27, 27, 28, 28, 29, 30, 31, 32, 32, 32, 32, 34, 35, 36, 36, 36, 36, 38, 39, 40, 40, 42, 43, 45, 45, 45, 47, 48, 48, 50, 51, 52, 52, 53, 54, 54, 56, 57, 58, 60, 60, 62, 63, 63, 64, 64, 64, 64, 65, 65, 68, 68, 70, 71, 72, 72, 72, 75, 76, 76, 78, 80, 80, 80, 80, 83, 84, 84, 85, 85, 86, 87, 90, 90, 90, 91, 93, 94, 95, 96, 96, 96, 96, 97, 100, 100, 101, 102, 103, 104, 104, 105, 106, 107, 108, 108, 108, 108, 112, 112, 113, 114, 116, 116, 117, 117, 117, 119, 120, 120, 124, 125, 126, 128, 130]",1,130,False
0,-6,-2,756,43,-43,32508,144,"[1, 2, 3, 4, 4, 6, 7, 8, 9, 9, 12, 12, 14, 16, 16, 17, 18, 18, 19, 21, 24, 27, 27, 28, 28, 29, 32, 32, 32, 32, 34, 36, 36, 36, 36, 38, 41, 42, 43, 47, 48, 48, 51, 54, 54, 56, 57, 58, 59, 61, 63, 63, 64, 64, 64, 64, 67, 68, 68, 71, 72, 72, 72, 73, 76, 76, 79, 82, 83, 84, 84, 86, 87, 94, 96, 96, 96, 96, 101, 102, 108, 108, 108, 108, 109, 112, 112, 113, 114, 116, 116, 118, 119, 122, 123, 126, 126, 127, 128, 128, 128, 128, 129, 133, 134, 136, 136, 137, 141, 142, 144, 144, 144, 144, 144, 144, 146, 149, 152, 152, 153, 153, 153, 157, 158, 164, 164, 166, 167, 168, 171, 171, 171, 172, 172, 173, 174, 177, 179, 183, 188, 189, 192, 192]",1,192,False
0,-6,-2,756,67,-67,50652,208,"[1, 2, 3, 4, 4, 6, 7, 8, 9, 9, 11, 12, 12, 13, 14, 16, 16, 17, 18, 18, 21, 22, 24, 26, 27, 27, 28, 28, 31, 32, 32, 32, 32, 33, 34, 36, 36, 36, 36, 37, 39, 42, 44, 44, 47, 48, 48, 51, 52, 52, 53, 54, 54, 56, 59, 61, 62, 63, 63, 64, 64, 64, 64, 66, 67, 68, 68, 72, 72, 72, 74, 77, 78, 83, 84, 84, 88, 88, 89, 91, 93, 94, 96, 96, 96, 96, 97, 99, 99, 99, 102, 104, 104, 106, 108, 108, 108, 108, 111, 112, 112, 113, 117, 117, 117, 118, 119, 121, 122, 124, 124, 126, 126, 127, 128, 128, 128, 128, 131, 132, 132, 134, 136, 136, 137, 139, 141, 143, 143, 144, 144, 144, 144, 144, 144, 148, 148, 151, 153, 153, 153, 154, 156, 156, 159, 163, 166, 167, 168, 169, 173, 176, 176, 176, 176, 177, 178, 179, 182, 183, 186, 187, 187, 188, 188, 189, 189, 191, 192, 192, 192, 192, 193, 194, 197, 198, 198, 198, 201, 204, 204, 208, 208, 208, 208, 211, 212, 212, 216, 216, 216, 217, 221, 221, 222, 224, 224, 224, 224, 226, 229, 231, 234, 236, 242, 244, 252, 256]",1,256,False
0,-6,-2,756,163,-163,123228,336,"[1, 2, 3, 4, 4, 6, 7, 8, 9, 9, 11, 12, 12, 13, 14, 16, 16, 18, 18, 19, 21, 22, 23, 24, 26, 27, 27, 28, 28, 29, 31, 32, 32, 32, 32, 33, 36, 36, 36, 36, 38, 39, 41, 42, 43, 44, 44, 46, 47, 48, 48, 52, 52, 54, 54, 56, 57, 58, 62, 63, 63, 64, 64, 64, 64, 66, 69, 72, 72, 72, 73, 76, 76, 77, 78, 82, 83, 84, 84, 86, 87, 88, 88, 91, 92, 92, 93, 94, 96, 96, 96, 96, 99, 99, 99, 103, 104, 104, 107, 108, 108, 108, 108, 112, 112, 114, 116, 116, 117, 117, 117, 121, 123, 124, 124, 126, 126, 128, 128, 128, 128, 129, 131, 132, 132, 133, 137, 138, 139, 141, 143, 143, 144, 144, 144, 144, 144, 144, 146, 149, 151, 152, 152, 154, 156, 156, 157, 161, 163, 164, 164, 166, 167, 168, 169, 171, 171, 171, 172, 172, 173, 174, 176, 176, 176, 176, 181, 182, 184, 184, 186, 188, 188, 189, 189, 191, 192, 192, 192, 192, 198, 198, 198, 203, 206, 207, 207, 207, 208, 208, 208, 208, 209, 209, 214, 216, 216, 216, 217, 219, 224, 224, 224, 224, 227, 228, 228, 229, 231, 232, 232, 233, 234, 234, 234, 239, 241, 242, 246, 247, 247, 248, 248, 249, 251, 252, 252, 252, 252, 253, 253, 256, 256, 256, 256, 258, 261, 261, 261, 262, 264, 264, 266, 271, 273, 274, 276, 276, 278, 279, 279, 279, 282, 283, 286, 286, 287, 288, 288, 288, 288, 288, 288, 288, 288, 288, 288, 288, 288, 292, 292, 297, 297, 297, 298, 299, 299, 301, 302, 304, 304, 304, 304, 308, 308, 309, 312, 312, 314, 317, 319, 319, 321, 322, 326, 328, 328, 329, 332, 332, 334, 336, 336, 338, 341, 341, 342, 342, 342, 344, 344, 346, 348, 348, 349, 351, 351, 351, 352, 352, 352, 352, 352, 352, 352, 363, 364, 368, 368, 369, 372, 376, 383, 384, 389, 393]",1,393,False
-1,-6,-1,761,1,-4,3044,62,"[1, 2, 3, 4, 4, 5, 6, 7, 8, 9, 10, 11, 12, 12, 14, 15, 15, 17, 18, 20, 20, 21, 21, 22, 24, 24, 25, 27, 28, 28, 29, 30, 30, 31, 33, 33, 34, 35, 35, 36, 36, 37, 40, 40, 41, 42, 42, 43, 44, 44, 45, 45, 49, 50, 51, 51, 54, 55, 55, 56, 58, 60]",1,60,False
-1,-6,-1,761,2,-8,6088,33,"[1, 2, 4, 4, 7, 8, 8, 13, 14, 17, 19, 26, 28, 28, 31, 34, 38, 41, 49, 52, 52, 53, 56, 56, 59, 61, 62, 67, 68, 68, 71, 76, 76]",1,76,False
-1,-6,-1,761,3,-3,2283,14,"[1, 2, 3, 4, 6, 11, 12, 19, 22, 33, 37, 38, 44, 44]",1,44,False
-1,-6,-1,761,7,-7,5327,60,"[1, 2, 3, 4, 6, 7, 8, 8, 9, 12, 12, 13, 14, 16, 16, 18, 21, 23, 24, 24, 24, 24, 26, 27, 28, 29, 31, 32, 32, 36, 36, 37, 39, 39, 42, 46, 48, 48, 48, 48, 52, 52, 54, 56, 56, 58, 61, 62, 63, 64, 64, 67, 69, 69, 72, 72, 72, 72, 73, 78]",1,78,False
-1,-6,-1,761,11,-11,8371,46,"[1, 2, 4, 5, 7, 10, 11, 13, 14, 20, 20, 22, 23, 25, 26, 28, 28, 35, 35, 37, 43, 44, 46, 47, 49, 50, 52, 52, 55, 59, 61, 65, 65, 67, 70, 70, 73, 74, 77, 83, 86, 89, 91, 91, 92, 94]",1,94,False
-1,-6,-1,761,19,-19,14459,90,"[1, 2, 3, 4, 5, 6, 9, 10, 12, 12, 13, 15, 15, 17, 18, 19, 20, 20, 23, 25, 26, 27, 30, 30, 31, 34, 36, 36, 38, 39, 39, 45, 45, 46, 47, 50, 51, 51, 52, 52, 53, 54, 57, 60, 60, 60, 60, 62, 65, 65, 68, 68, 69, 69, 71, 75, 75, 76, 78, 78, 81, 85, 85, 90, 90, 92, 92, 93, 93, 94, 95, 97, 100, 100, 101, 102, 102, 103, 106, 108, 108, 109, 114, 115, 115, 117, 117, 124, 125, 130]",1,130,False
-1,-6,-1,761,43,-43,32723,102,"[1, 2, 3, 4, 6, 7, 9, 12, 12, 14, 17, 18, 21, 21, 23, 27, 28, 28, 34, 36, 36, 41, 42, 42, 43, 46, 47, 49, 51, 51, 54, 59, 61, 63, 63, 67, 68, 68, 69, 69, 71, 73, 79, 81, 82, 84, 84, 84, 84, 86, 92, 92, 94, 98, 101, 102, 102, 107, 108, 108, 118, 119, 119, 122, 123, 123, 126, 126, 129, 131, 134, 138, 138, 139, 141, 141, 142, 146, 147, 147, 151, 153, 153, 157, 158, 161, 161, 162, 163, 164, 164, 167, 172, 177, 177, 181, 183, 188, 189, 191, 196, 201]",1,201,False
-1,-6,-1,761,67,-67,50987,210,"[1, 2, 3, 4, 6, 7, 9, 11, 12, 12, 13, 14, 17, 18, 19, 21, 21, 22, 23, 26, 27, 28, 28, 29, 31, 33, 33, 34, 36, 36, 37, 38, 39, 39, 42, 42, 43, 44, 44, 46, 47, 49, 51, 51, 52, 52, 53, 54, 57, 57, 58, 59, 61, 62, 63, 63, 66, 66, 67, 68, 68, 69, 69, 74, 76, 76, 77, 77, 78, 78, 81, 84, 84, 84, 84, 86, 87, 87, 89, 91, 91, 92, 92, 93, 93, 94, 97, 98, 99, 99, 102, 102, 106, 107, 108, 108, 109, 111, 111, 114, 114, 116, 116, 117, 117, 118, 119, 119, 121, 122, 124, 124, 126, 126, 129, 129, 132, 132, 132, 132, 133, 133, 134, 138, 138, 141, 141, 143, 143, 147, 147, 148, 148, 149, 153, 153, 154, 154, 156, 156, 156, 156, 159, 159, 161, 161, 162, 167, 169, 171, 171, 172, 172, 174, 174, 177, 177, 178, 181, 182, 182, 183, 183, 186, 186, 187, 187, 188, 188, 189, 189, 191, 194, 196, 196, 197, 198, 198, 201, 203, 203, 204, 204, 204, 204, 207, 207, 209, 209, 212, 212, 214, 217, 217, 218, 221, 221, 222, 222, 228, 228, 228, 228, 231, 231, 236, 238, 242, 244, 252]",1,252,False
-1,-6,-1,761,163,-163,124043,198,"[1, 2, 3, 4, 6, 7, 9, 11, 12, 12, 13, 14, 18, 21, 21, 22, 26, 27, 28, 28, 31, 33, 33, 36, 36, 39, 39, 41, 42, 42, 44, 44, 47, 49, 52, 52, 54, 62, 63, 63, 66, 66, 73, 77, 77, 78, 78, 81, 82, 84, 84, 84, 84, 91, 91, 93, 93, 94, 98, 99, 99, 103, 108, 108, 109, 113, 117, 117, 121, 123, 123, 124, 124, 126, 126, 127, 132, 132, 132, 132, 141, 141, 143, 143, 146, 147, 147, 154, 154, 156, 156, 156, 156, 157, 162, 163, 164, 164, 167, 169, 179, 182, 182, 186, 186, 188, 188, 189, 189, 191, 193, 196, 196, 198, 198, 206, 211, 217, 217, 218, 219, 219, 226, 229, 231, 231, 231, 231, 234, 234, 241, 242, 243, 246, 246, 252, 252, 252, 252, 254, 257, 263, 269, 273, 273, 273, 273, 279, 279, 282, 282, 286, 286, 287, 287, 292, 292, 293, 294, 294, 297, 297, 308, 308, 308, 308, 309, 309, 314, 317, 324, 324, 326, 327, 327, 329, 329, 331, 334, 337, 338, 339, 339, 341, 341, 343, 347, 349, 351, 351, 353, 358, 363, 364, 364, 369, 372, 382]",1,382,False
-1,-10,15,785,1,-4,3140,28,"[1, 2, 3, 4, 4, 5, 6, 8, 9, 10, 12, 12, 15, 18, 20, 20, 24, 24, 27, 30, 36, 36, 40, 45, 47, 53, 54, 59]",1,59,False
-1,-10,15,785,2,-8,6280,36,"[1, 2, 4, 4, 5, 8, 8, 10, 11, 13, 19, 20, 20, 22, 26, 29, 37, 38, 40, 40, 43, 44, 44, 47, 52, 52, 55, 58, 61, 65, 73, 74, 76, 76, 79, 83]",1,83,False
-1,-10,15,785,3,-3,2355,28,"[1, 2, 3, 4, 5, 6, 7, 10, 12, 14, 15, 17, 19, 20, 21, 28, 28, 29, 30, 31, 34, 35, 38, 41, 42, 43, 47, 49]",1,49,False
-1,-10,15,785,7,-7,5495,88,"[1, 2, 3, 4, 5, 6, 7, 8, 8, 9, 10, 11, 12, 12, 13, 14, 15, 16, 16, 17, 18, 20, 21, 22, 23, 24, 24, 24, 24, 26, 27, 28, 30, 32, 32, 33, 33, 34, 35, 36, 36, 39, 39, 40, 40, 41, 42, 43, 44, 44, 45, 46, 47, 48, 48, 48, 48, 51, 51, 52, 52, 53, 54, 55, 56, 56, 59, 60, 60, 61, 63, 64, 64, 65, 66, 66, 68, 68, 69, 69, 70, 71, 72, 72, 72, 72, 78, 80]",1,80,False
-1,-10,15,785,11,-11,8635,36,"[1, 2, 4, 5, 10, 11, 13, 17, 20, 22, 23, 26, 29, 31, 34, 41, 44, 46, 52, 52, 53, 55, 58, 61, 62, 65, 68, 68, 71, 79, 82, 85, 89, 92, 92, 106]",1,106,False
-1,-10,15,785,19,-19,14915,116,"[1, 2, 3, 4, 5, 6, 7, 9, 10, 11, 12, 12, 13, 14, 15, 18, 19, 20, 21, 21, 22, 23, 26, 27, 28, 28, 29, 30, 33, 33, 35, 36, 36, 37, 38, 39, 39, 41, 42, 42, 43, 44, 44, 45, 46, 49, 52, 52, 54, 55, 57, 58, 59, 60, 60, 63, 63, 65, 66, 66, 67, 69, 69, 70, 73, 74, 76, 77, 77, 78, 78, 79, 81, 82, 83, 84, 84, 84, 84, 86, 87, 87, 90, 91, 91, 92, 92, 95, 98, 99, 99, 101, 105, 105, 108, 108, 110, 111, 111, 113, 114, 115, 116, 116, 117, 117, 118, 121, 123, 123, 126, 126, 127, 129, 130, 132]",1,132,False
-1,-10,15,785,43,-43,33755,108,"[1, 2, 3, 4, 5, 6, 9, 10, 11, 12, 12, 15, 18, 20, 22, 23, 27, 29, 30, 31, 33, 33, 36, 36, 37, 43, 44, 44, 45, 46, 53, 54, 55, 58, 60, 60, 61, 62, 66, 66, 69, 69, 74, 81, 83, 86, 87, 87, 90, 92, 92, 93, 93, 97, 99, 99, 101, 103, 106, 107, 108, 108, 109, 110, 111, 111, 113, 115, 116, 116, 121, 122, 124, 124, 129, 131, 132, 132, 132, 132, 135, 138, 138, 145, 148, 148, 149, 151, 155, 157, 159, 159, 162, 165, 165, 166, 172, 174, 174, 179, 180, 180, 183, 183, 186, 186, 198, 198]",1,198,False
-1,-10,15,785,67,-67,52595,124,"[1, 2, 3, 4, 5, 6, 9, 10, 12, 12, 13, 15, 18, 19, 20, 23, 26, 27, 30, 36, 36, 38, 39, 39, 41, 45, 46, 52, 52, 54, 57, 57, 60, 60, 61, 65, 67, 69, 69, 71, 73, 76, 76, 78, 78, 79, 81, 82, 83, 89, 90, 92, 92, 95, 103, 107, 108, 108, 113, 114, 114, 115, 117, 117, 122, 123, 123, 130, 134, 135, 138, 138, 139, 142, 146, 156, 156, 156, 156, 157, 158, 162, 163, 164, 164, 166, 169, 171, 171, 178, 179, 180, 180, 183, 183, 190, 191, 195, 195, 197, 199, 201, 205, 206, 207, 207, 213, 213, 214, 219, 219, 223, 226, 227, 228, 228, 228, 228, 229, 230, 237, 244, 246, 249]",1,249,False
-1,-10,15,785,163,-163,127955,204,"[1, 2, 3, 4, 5, 6, 9, 10, 12, 12, 13, 15, 17, 18, 20, 26, 27, 29, 30, 34, 36, 36, 37, 39, 39, 43, 45, 51, 51, 52, 52, 53, 54, 58, 59, 60, 60, 65, 67, 68, 68, 71, 74, 78, 78, 79, 81, 83, 85, 86, 87, 87, 90, 97, 102, 102, 106, 108, 108, 111, 111, 116, 116, 117, 117, 118, 127, 129, 129, 130, 134, 135, 139, 142, 145, 148, 148, 149, 153, 153, 156, 156, 156, 156, 157, 158, 159, 159, 162, 163, 166, 169, 170, 172, 172, 174, 174, 177, 177, 180, 180, 181, 185, 191, 193, 194, 195, 195, 199, 201, 201, 204, 204, 204, 204, 211, 212, 212, 213, 213, 215, 221, 221, 222, 222, 223, 227, 229, 233, 234, 234, 236, 236, 237, 237, 241, 243, 249, 249, 254, 255, 255, 257, 258, 258, 260, 260, 261, 261, 265, 268, 268, 269, 270, 271, 277, 278, 281, 283, 284, 284, 289, 290, 291, 291, 295, 298, 306, 306, 307, 314, 316, 316, 317, 318, 318, 324, 324, 326, 332, 332, 333, 333, 335, 338, 340, 340, 348, 348, 348, 348, 351, 351, 353, 354, 354, 355, 362, 367, 381, 382, 386, 387, 398]",1,398,False
-1,-7,-3,788,1,-4,3152,39,"[1, 2, 3, 4, 4, 6, 8, 8, 9, 11, 12, 12, 16, 16, 16, 18, 22, 24, 24, 27, 29, 31, 32, 32, 33, 33, 36, 36, 37, 41, 44, 44, 48, 48, 48, 48, 53, 54, 58]",1,58,False
-1,-7,-3,788,2,-8,6304,40,"[1, 2, 4, 4, 5, 8, 8, 10, 13, 16, 16, 16, 19, 20, 20, 25, 26, 31, 32, 32, 32, 38, 40, 40, 41, 43, 50, 52, 52, 59, 62, 65, 65, 71, 76, 76, 79, 80, 80, 80]",1,80,False
-1,-7,-3,788,3,-3,2364,48,"[1, 2, 3, 4, 4, 5, 6, 7, 8, 10, 11, 12, 12, 14, 15, 16, 16, 17, 19, 20, 20, 21, 22, 24, 25, 28, 28, 30, 32, 32, 32, 32, 33, 34, 35, 35, 37, 38, 40, 40, 42, 43, 44, 44, 48, 48, 49, 51]",1,51,False
-1,-7,-3,788,7,-7,5516,84,"[1, 2, 3, 4, 4, 5, 6, 7, 8, 9, 10, 12, 12, 13, 14, 15, 15, 16, 16, 17, 18, 20, 20, 21, 23, 24, 24, 25, 26, 27, 28, 28, 29, 30, 30, 31, 34, 35, 36, 36, 37, 39, 39, 40, 40, 42, 43, 45, 45, 46, 48, 48, 48, 48, 50, 51, 51, 52, 52, 53, 54, 56, 58, 60, 60, 60, 60, 62, 63, 65, 65, 68, 68, 69, 69, 70, 72, 72, 73, 74, 75, 75, 80, 81]",1,81,False
-1,-7,-3,788,11,-11,8668,40,"[1, 2, 4, 4, 8, 11, 13, 16, 16, 17, 22, 23, 26, 32, 32, 32, 32, 34, 37, 44, 44, 46, 47, 52, 52, 53, 59, 64, 64, 64, 64, 68, 68, 73, 74, 79, 88, 92, 92, 94]",1,94,False
-1,-7,-3,788,19,-19,14972,116,"[1, 2, 3, 4, 4, 6, 7, 8, 9, 12, 12, 13, 14, 16, 16, 18, 19, 21, 21, 23, 24, 24, 26, 27, 28, 28, 31, 32, 32, 32, 32, 36, 36, 38, 39, 39, 42, 42, 43, 46, 47, 48, 48, 48, 48, 49, 52, 52, 54, 56, 56, 57, 61, 62, 63, 63, 64, 64, 64, 64, 67, 69, 69, 71, 72, 72, 76, 76, 78, 78, 79, 81, 83, 84, 84, 84, 84, 86, 89, 91, 91, 92, 92, 93, 93, 94, 96, 96, 96, 96, 96, 96, 96, 96, 98, 101, 103, 104, 104, 108, 108, 112, 112, 112, 112, 113, 114, 117, 117, 122, 124, 124, 126, 128, 133, 138]",1,138,False
-1,-7,-3,788,43,-43,33884,164,"[1, 2, 3, 4, 4, 5, 6, 8, 9, 10, 12, 12, 15, 15, 16, 16, 18, 20, 20, 23, 24, 24, 25, 27, 30, 30, 32, 32, 32, 32, 36, 36, 40, 40, 41, 43, 45, 45, 46, 47, 48, 48, 48, 48, 50, 53, 54, 59, 60, 60, 60, 60, 64, 64, 64, 64, 69, 69, 71, 72, 72, 73, 75, 75, 80, 80, 80, 80, 81, 82, 83, 86, 89, 90, 90, 92, 92, 94, 96, 96, 96, 96, 96, 96, 96, 96, 97, 100, 100, 101, 106, 107, 108, 108, 109, 113, 115, 115, 118, 120, 120, 120, 120, 123, 123, 125, 127, 128, 128, 128, 128, 129, 131, 135, 135, 138, 138, 141, 141, 142, 144, 144, 144, 144, 146, 149, 150, 150, 151, 159, 159, 160, 160, 160, 160, 160, 160, 160, 160, 162, 164, 164, 166, 172, 172, 173, 177, 177, 178, 179, 180, 180, 180, 180, 181, 184, 184, 188, 192, 192, 192, 192, 193, 207]",1,207,False
-1,-7,-3,788,67,-67,52796,296,"[1, 2, 3, 4, 4, 5, 6, 8, 9, 10, 11, 12, 12, 13, 15, 15, 16, 16, 18, 19, 20, 20, 22, 23, 24, 24, 25, 26, 27, 29, 30, 30, 31, 32, 32, 32, 32, 33, 33, 36, 36, 37, 38, 39, 39, 40, 40, 44, 44, 45, 45, 46, 47, 48, 48, 48, 48, 50, 52, 52, 54, 55, 55, 57, 57, 58, 59, 60, 60, 60, 60, 62, 64, 64, 64, 64, 65, 65, 66, 66, 67, 69, 69, 72, 72, 74, 75, 75, 76, 76, 78, 78, 79, 80, 80, 80, 80, 81, 83, 87, 87, 88, 88, 90, 90, 92, 92, 93, 93, 94, 95, 95, 96, 96, 96, 96, 96, 96, 96, 96, 99, 99, 100, 100, 104, 104, 107, 108, 108, 110, 110, 111, 111, 113, 114, 114, 115, 115, 116, 116, 117, 117, 118, 120, 120, 120, 120, 121, 124, 124, 125, 127, 128, 128, 128, 128, 130, 130, 132, 132, 132, 132, 134, 135, 135, 138, 138, 139, 141, 141, 143, 143, 144, 144, 144, 144, 145, 145, 148, 148, 150, 150, 152, 152, 155, 155, 156, 156, 156, 156, 157, 158, 160, 160, 160, 160, 160, 160, 160, 160, 162, 163, 165, 165, 165, 165, 166, 169, 171, 171, 173, 174, 174, 176, 176, 176, 176, 177, 177, 179, 180, 180, 180, 180, 181, 184, 184, 185, 185, 186, 186, 188, 188, 190, 190, 192, 192, 192, 192, 192, 192, 192, 192, 193, 195, 195, 195, 195, 197, 198, 198, 200, 200, 201, 207, 207, 208, 208, 208, 208, 209, 209, 214, 216, 216, 220, 220, 220, 220, 222, 222, 223, 225, 225, 226, 228, 228, 228, 228, 229, 230, 230, 232, 234, 235, 236, 236, 240, 240, 240, 242, 243, 247, 249, 256, 264]",1,264,False
-1,-7,-3,788,163,-163,128444,452,"[1, 2, 3, 4, 4, 5, 6, 8, 9, 10, 11, 12, 12, 13, 15, 15, 16, 16, 17, 18, 20, 20, 22, 24, 24, 25, 26, 27, 30, 30, 31, 32, 32, 32, 32, 33, 33, 34, 36, 36, 39, 39, 40, 40, 41, 43, 44, 44, 45, 45, 47, 48, 48, 48, 48, 50, 51, 51, 52, 52, 53, 54, 55, 55, 60, 60, 60, 60, 61, 62, 64, 64, 64, 64, 65, 65, 66, 66, 67, 68, 68, 72, 72, 73, 75, 75, 78, 78, 79, 80, 80, 80, 80, 81, 82, 83, 85, 85, 86, 88, 88, 89, 90, 90, 93, 93, 94, 96, 96, 96, 96, 96, 96, 96, 96, 97, 99, 99, 100, 100, 102, 102, 103, 104, 104, 106, 108, 108, 110, 110, 117, 117, 120, 120, 120, 120, 121, 122, 123, 123, 124, 124, 125, 128, 128, 128, 128, 129, 129, 130, 130, 132, 132, 132, 132, 134, 135, 135, 136, 136, 139, 141, 141, 143, 143, 144, 144, 144, 144, 146, 149, 150, 150, 153, 153, 155, 155, 156, 156, 156, 156, 158, 159, 159, 160, 160, 160, 160, 160, 160, 160, 160, 162, 163, 164, 164, 165, 165, 165, 165, 166, 169, 170, 170, 172, 172, 173, 176, 176, 176, 176, 178, 180, 180, 180, 180, 183, 183, 186, 186, 187, 187, 188, 188, 192, 192, 192, 192, 192, 192, 192, 192, 194, 195, 195, 195, 195, 197, 198, 198, 200, 200, 201, 201, 204, 204, 204, 204, 205, 205, 206, 208, 208, 208, 208, 211, 212, 212, 215, 215, 216, 216, 219, 219, 220, 220, 220, 220, 221, 221, 223, 225, 225, 229, 234, 234, 235, 235, 237, 237, 240, 240, 240, 240, 240, 240, 240, 240, 241, 242, 243, 244, 244, 246, 246, 248, 248, 249, 249, 250, 251, 255, 255, 255, 255, 256, 256, 256, 256, 258, 258, 260, 260, 260, 260, 264, 264, 264, 264, 265, 265, 267, 267, 268, 268, 269, 270, 270, 271, 272, 272, 272, 272, 275, 275, 277, 278, 279, 279, 282, 282, 283, 286, 286, 288, 288, 288, 288, 288, 288, 288, 288, 289, 291, 291, 292, 292, 297, 297, 298, 300, 300, 300, 300, 305, 305, 306, 306, 309, 309, 310, 310, 312, 312, 312, 312, 313, 316, 316, 317, 318, 318, 320, 320, 320, 320, 320, 320, 320, 320, 324, 324, 325, 325, 326, 328, 328, 330, 330, 330, 330, 332, 332, 335, 335, 337, 338, 340, 340, 340, 340, 341, 341, 344, 344, 346, 347, 349, 351, 351, 352, 352, 352, 352, 352, 352, 352, 352, 356, 356, 360, 360, 360, 360, 363, 365, 366, 366, 372, 372, 374, 374, 375, 376, 384, 384, 384, 389, 390, 396, 403, 405]",1,405,False
0,-12,-15,837,1,-4,3348,32,"[1, 2, 3, 4, 4, 6, 8, 9, 9, 12, 12, 17, 18, 18, 24, 27, 27, 29, 31, 34, 36, 36, 36, 36, 43, 47, 51, 53, 54, 54, 58, 59]",1,59,False
0,-12,-15,837,2,-8,6696,84,"[1, 2, 3, 4, 4, 5, 6, 8, 8, 9, 9, 10, 11, 12, 12, 13, 15, 17, 18, 18, 19, 20, 20, 22, 24, 24, 25, 26, 27, 27, 30, 31, 33, 34, 36, 36, 36, 36, 37, 38, 39, 40, 40, 44, 44, 45, 45, 45, 47, 50, 51, 52, 52, 54, 54, 55, 55, 57, 60, 60, 61, 62, 65, 65, 66, 67, 68, 68, 71, 72, 72, 72, 72, 74, 75, 76, 76, 78, 79, 83, 85, 85, 89, 90]",1,90,False
0,-12,-15,837,3,-3,2511,56,"[1, 2, 3, 4, 5, 6, 7, 8, 8, 9, 9, 10, 12, 14, 15, 16, 16, 18, 18, 19, 20, 20, 21, 24, 24, 25, 27, 27, 28, 28, 30, 31, 32, 32, 35, 35, 36, 36, 36, 38, 40, 40, 40, 40, 41, 42, 45, 45, 45, 47, 48, 48, 49, 50, 54, 56]",1,56,False
0,-12,-15,837,7,-7,5859,72,"[1, 2, 3, 4, 5, 6, 7, 9, 9, 10, 11, 12, 13, 14, 15, 18, 18, 20, 20, 21, 22, 23, 25, 26, 27, 27, 28, 29, 30, 31, 33, 35, 36, 36, 36, 39, 41, 42, 44, 44, 45, 45, 45, 46, 47, 50, 52, 52, 53, 54, 54, 55, 55, 58, 59, 60, 60, 61, 62, 63, 63, 65, 65, 66, 67, 69, 70, 73, 75, 77, 78, 82]",1,82,False
0,-12,-15,837,11,-11,9207,72,"[1, 2, 3, 4, 6, 8, 8, 9, 9, 11, 12, 13, 16, 16, 18, 18, 22, 23, 24, 24, 26, 27, 27, 31, 32, 32, 33, 36, 36, 36, 39, 41, 43, 44, 46, 48, 48, 52, 52, 53, 54, 54, 61, 62, 64, 64, 66, 67, 69, 72, 72, 72, 72, 72, 72, 73, 78, 79, 82, 86, 88, 88, 89, 92, 92, 93, 96, 96, 97, 99, 101, 104]",1,104,False
0,-12,-15,837,19,-19,15903,136,"[1, 2, 3, 4, 6, 7, 8, 8, 9, 9, 11, 12, 13, 14, 16, 16, 17, 18, 18, 19, 21, 22, 23, 24, 24, 26, 27, 27, 28, 28, 31, 32, 32, 33, 34, 36, 36, 36, 37, 38, 39, 41, 42, 44, 44, 46, 48, 48, 49, 51, 52, 52, 54, 54, 56, 56, 56, 56, 57, 59, 62, 63, 63, 63, 64, 64, 66, 68, 68, 69, 71, 72, 72, 72, 72, 72, 72, 74, 76, 77, 77, 78, 79, 82, 83, 84, 84, 88, 88, 88, 88, 91, 91, 92, 92, 93, 96, 96, 98, 99, 99, 99, 102, 104, 104, 104, 104, 107, 108, 108, 108, 111, 112, 112, 112, 112, 113, 114, 117, 117, 117, 118, 119, 119, 121, 123, 124, 126, 126, 126, 127, 128, 132, 133, 136, 138]",1,138,False
0,-12,-15,837,43,-43,35991,200,"[1, 2, 3, 4, 5, 6, 8, 8, 9, 9, 10, 11, 12, 15, 16, 16, 17, 18, 18, 20, 20, 22, 23, 24, 24, 25, 27, 27, 30, 31, 32, 32, 33, 34, 36, 36, 36, 37, 40, 40, 40, 40, 43, 44, 44, 45, 45, 45, 46, 48, 48, 50, 51, 53, 54, 54, 55, 55, 60, 60, 61, 62, 64, 64, 66, 67, 68, 68, 69, 71, 72, 72, 72, 72, 72, 72, 73, 74, 75, 80, 80, 80, 80, 83, 85, 85, 86, 88, 88, 88, 88, 90, 90, 90, 92, 92, 93, 96, 96, 97, 99, 99, 99, 100, 100, 102, 103, 106, 108, 108, 108, 109, 110, 110, 111, 113, 115, 115, 120, 120, 120, 120, 121, 122, 124, 125, 128, 128, 129, 131, 132, 132, 134, 135, 135, 135, 136, 136, 136, 136, 138, 142, 144, 144, 144, 144, 144, 144, 146, 148, 148, 149, 150, 151, 153, 153, 153, 155, 159, 160, 160, 160, 160, 165, 165, 166, 167, 170, 170, 172, 176, 176, 176, 176, 180, 180, 180, 180, 180, 180, 183, 184, 184, 184, 184, 185, 185, 186, 187, 187, 191, 192, 192, 194, 197, 198, 200, 204, 207, 212]",1,212,False
0,-12,-15,837,67,-67,56079,264,"[1, 2, 3, 4, 5, 6, 8, 8, 9, 9, 10, 12, 13, 15, 16, 16, 17, 18, 18, 19, 20, 20, 23, 24, 24, 25, 26, 27, 27, 29, 30, 31, 32, 32, 34, 36, 36, 36, 38, 39, 40, 40, 40, 40, 41, 43, 45, 45, 45, 46, 48, 48, 50, 51, 52, 52, 54, 54, 57, 58, 60, 60, 61, 62, 64, 64, 65, 65, 67, 68, 68, 69, 72, 72, 72, 72, 72, 72, 75, 76, 76, 78, 79, 80, 80, 80, 80, 82, 83, 85, 85, 86, 87, 89, 90, 90, 90, 92, 92, 93, 95, 95, 96, 96, 100, 100, 101, 102, 103, 104, 104, 104, 104, 108, 108, 108, 113, 114, 115, 115, 116, 116, 117, 117, 117, 120, 120, 120, 120, 122, 123, 124, 125, 128, 128, 129, 130, 130, 134, 135, 135, 135, 136, 136, 136, 136, 138, 139, 144, 144, 144, 144, 144, 144, 145, 145, 150, 152, 152, 152, 152, 153, 153, 153, 155, 156, 156, 157, 158, 160, 160, 160, 160, 163, 164, 164, 166, 167, 169, 170, 170, 171, 171, 171, 172, 172, 174, 178, 180, 180, 180, 180, 180, 180, 183, 184, 184, 184, 184, 186, 190, 190, 191, 192, 192, 193, 195, 195, 200, 200, 200, 200, 201, 202, 204, 204, 205, 205, 206, 207, 207, 207, 208, 208, 208, 208, 211, 215, 215, 216, 216, 216, 216, 216, 216, 221, 221, 225, 225, 225, 226, 228, 228, 229, 230, 230, 232, 232, 232, 232, 233, 234, 234, 234, 237, 240, 240, 240, 244, 248, 249, 250, 258, 260]",1,260,False
0,-12,-15,837,163,-163,136431,296,"[1, 2, 3, 4, 5, 6, 8, 8, 9, 9, 10, 12, 13, 15, 16, 16, 18, 18, 20, 20, 24, 24, 25, 26, 27, 27, 30, 31, 32, 32, 36, 36, 36, 37, 39, 40, 40, 40, 40, 45, 45, 45, 48, 48, 50, 52, 52, 53, 54, 54, 59, 60, 60, 62, 64, 64, 65, 65, 72, 72, 72, 72, 72, 72, 73, 74, 75, 78, 79, 80, 80, 80, 80, 83, 90, 90, 90, 93, 96, 96, 97, 100, 100, 101, 104, 104, 104, 104, 106, 107, 108, 108, 108, 111, 117, 117, 117, 118, 120, 120, 120, 120, 124, 125, 127, 128, 128, 130, 130, 135, 135, 135, 139, 144, 144, 144, 144, 144, 144, 146, 148, 148, 149, 150, 155, 156, 156, 158, 159, 160, 160, 160, 160, 163, 166, 167, 169, 177, 179, 180, 180, 180, 180, 180, 180, 181, 185, 185, 186, 191, 192, 192, 194, 195, 195, 197, 200, 200, 200, 200, 202, 208, 208, 208, 208, 212, 212, 214, 216, 216, 216, 216, 216, 216, 219, 222, 225, 225, 225, 229, 233, 234, 234, 234, 236, 236, 237, 240, 240, 240, 240, 241, 248, 248, 249, 250, 251, 254, 256, 256, 257, 260, 260, 260, 260, 263, 265, 265, 270, 270, 270, 271, 277, 278, 279, 279, 288, 288, 288, 288, 288, 288, 291, 292, 292, 293, 295, 295, 296, 296, 296, 296, 298, 300, 300, 303, 307, 310, 311, 312, 312, 312, 312, 316, 316, 317, 318, 320, 320, 320, 320, 321, 325, 325, 326, 331, 332, 332, 333, 333, 333, 334, 337, 338, 347, 351, 351, 351, 354, 358, 360, 360, 360, 360, 360, 360, 360, 360, 360, 360, 360, 360, 362, 365, 365, 370, 370, 372, 373, 375, 384, 388, 394, 395, 404, 415]",1,415,False
-1,-8,10,892,1,-4,3568,32,"[1, 2, 4, 4, 7, 8, 8, 14, 16, 16, 16, 17, 19, 28, 28, 29, 31, 32, 32, 34, 37, 38, 41, 43, 47, 49, 53, 56, 56, 58, 62, 64]",1,64,False
-1,-8,10,892,2,-8,7136,117,"[1, 2, 3, 4, 4, 5, 6, 7, 8, 8, 9, 10, 11, 12, 12, 13, 14, 15, 15, 16, 16, 16, 17, 18, 20, 20, 21, 21, 22, 24, 24, 25, 26, 27, 28, 28, 30, 30, 31, 32, 32, 32, 33, 33, 34, 35, 35, 36, 36, 39, 39, 40, 40, 41, 42, 42, 44, 44, 45, 45, 47, 48, 48, 48, 48, 49, 50, 51, 51, 52, 52, 54, 55, 55, 56, 56, 59, 60, 60, 60, 60, 61, 62, 63, 63, 65, 65, 66, 66, 67, 68, 68, 70, 70, 72, 72, 73, 75, 75, 77, 77, 78, 78, 80, 80, 80, 80, 81, 82, 84, 84, 84, 84, 85, 88, 89, 91]",1,91,False
-1,-8,10,892,3,-3,2676,22,"[1, 2, 3, 4, 4, 5, 6, 8, 10, 12, 12, 15, 20, 20, 24, 25, 30, 37, 40, 40, 47, 50]",1,50,False
-1,-8,10,892,7,-7,6244,52,"[1, 2, 4, 4, 5, 7, 8, 10, 11, 13, 14, 19, 20, 20, 22, 23, 25, 26, 28, 28, 29, 31, 35, 37, 38, 40, 40, 44, 44, 46, 47, 50, 52, 52, 53, 55, 55, 56, 58, 61, 62, 65, 65, 67, 70, 71, 74, 76, 76, 77, 79, 88]",1,88,False
-1,-8,10,892,11,-11,9812,82,"[1, 2, 3, 4, 4, 6, 7, 8, 9, 11, 12, 12, 13, 14, 18, 19, 21, 21, 22, 23, 24, 24, 26, 27, 28, 28, 33, 36, 36, 37, 38, 39, 39, 42, 42, 43, 44, 44, 46, 49, 52, 52, 53, 54, 56, 56, 57, 57, 59, 61, 63, 63, 66, 67, 69, 69, 71, 72, 72, 74, 76, 76, 77, 78, 78, 81, 83, 84, 84, 84, 84, 86, 88, 89, 91, 91, 92, 92, 98, 99, 103, 108]",1,108,False
-1,-8,10,892,19,-19,16948,40,"[1, 2, 4, 4, 8, 11, 13, 17, 19, 22, 23, 26, 31, 34, 38, 44, 44, 46, 52, 52, 62, 68, 68, 73, 76, 76, 88, 88, 92, 92, 97, 101, 104, 104, 113, 121, 124, 124, 127, 136]",1,136,False
-1,-8,10,892,43,-43,38356,124,"[1, 2, 4, 4, 5, 7, 8, 10, 11, 14, 17, 19, 20, 20, 22, 23, 25, 28, 28, 34, 35, 35, 38, 40, 40, 41, 43, 44, 44, 46, 49, 50, 53, 55, 55, 56, 56, 59, 61, 67, 68, 68, 70, 70, 76, 76, 77, 77, 79, 82, 85, 85, 86, 88, 88, 92, 92, 95, 95, 98, 100, 100, 101, 103, 106, 107, 109, 110, 110, 113, 115, 115, 118, 119, 119, 121, 122, 125, 131, 133, 133, 134, 136, 136, 137, 140, 140, 140, 140, 149, 152, 152, 154, 154, 157, 158, 161, 161, 164, 164, 167, 170, 170, 172, 172, 175, 175, 179, 181, 184, 184, 187, 187, 190, 190, 196, 196, 199, 200, 202, 205, 205, 212, 218]",1,218,False
-1,-8,10,892,67,-67,59764,154,"[1, 2, 4, 4, 5, 7, 8, 10, 13, 14, 17, 20, 20, 23, 25, 26, 28, 28, 29, 31, 34, 35, 35, 37, 40, 40, 43, 46, 49, 50, 52, 52, 56, 56, 58, 59, 61, 62, 65, 65, 67, 68, 68, 70, 70, 71, 73, 74, 85, 85, 86, 89, 91, 91, 92, 92, 97, 98, 100, 100, 103, 104, 104, 107, 113, 115, 115, 116, 116, 118, 119, 119, 122, 124, 124, 125, 130, 130, 134, 136, 136, 137, 139, 140, 140, 140, 140, 142, 145, 145, 146, 148, 148, 151, 155, 155, 161, 161, 163, 167, 169, 170, 170, 172, 172, 175, 175, 178, 179, 181, 182, 182, 184, 184, 185, 185, 194, 196, 196, 200, 200, 203, 203, 206, 214, 215, 215, 217, 217, 221, 221, 223, 226, 229, 230, 230, 232, 232, 233, 236, 236, 238, 238, 239, 241, 244, 244, 245, 248, 250, 257, 259, 260, 268]",1,268,False
-1,-8,10,892,163,-163,145396,166,"[1, 2, 4, 4, 5, 7, 8, 10, 13, 14, 19, 20, 20, 25, 26, 28, 28, 31, 35, 35, 38, 40, 40, 41, 49, 50, 52, 52, 53, 56, 56, 62, 65, 65, 70, 70, 71, 76, 76, 82, 91, 91, 95, 95, 98, 100, 100, 104, 104, 106, 124, 124, 125, 127, 130, 130, 133, 133, 137, 139, 140, 140, 140, 140, 142, 149, 151, 152, 152, 155, 155, 157, 163, 164, 164, 167, 169, 175, 175, 182, 182, 190, 190, 193, 196, 196, 197, 200, 200, 205, 205, 211, 212, 212, 217, 217, 223, 229, 233, 239, 245, 245, 247, 247, 248, 248, 250, 254, 260, 260, 260, 260, 263, 265, 265, 266, 266, 269, 274, 277, 278, 280, 280, 280, 280, 281, 283, 284, 284, 287, 287, 293, 298, 302, 307, 310, 310, 314, 325, 325, 326, 328, 328, 334, 337, 338, 343, 350, 350, 355, 355, 361, 364, 364, 364, 364, 371, 371, 380, 380, 380, 380, 386, 392, 394, 424]",1,424,False
-1,-6,4,916,1,-4,3664,39,"[1, 2, 4, 4, 5, 7, 8, 8, 10, 14, 16, 16, 16, 17, 20, 20, 23, 25, 28, 28, 31, 32, 32, 34, 35, 35, 37, 40, 40, 46, 47, 49, 50, 53, 56, 56, 59, 61, 62]",1,62,False
-1,-6,4,916,2,-8,7328,96,"[1, 2, 3, 4, 4, 6, 7, 8, 8, 9, 11, 12, 12, 13, 14, 16, 16, 16, 17, 18, 19, 21, 21, 22, 23, 24, 24, 26, 27, 28, 28, 29, 31, 32, 32, 32, 33, 33, 34, 36, 36, 38, 39, 39, 42, 42, 43, 44, 44, 46, 47, 48, 48, 48, 48, 49, 51, 51, 52, 52, 54, 56, 56, 57, 57, 58, 62, 63, 63, 66, 66, 68, 68, 69, 69, 72, 72, 76, 76, 77, 77, 78, 78, 79, 81, 83, 84, 84, 84, 84, 86, 87, 87, 88, 91, 93]",1,93,False
-1,-6,4,916,3,-3,2748,28,"[1, 2, 3, 4, 4, 6, 8, 12, 12, 16, 16, 19, 23, 24, 29, 32, 32, 32, 32, 37, 38, 41, 43, 46, 47, 48, 48, 57]",1,57,False
-1,-6,4,916,7,-7,6412,34,"[1, 2, 4, 4, 7, 8, 11, 13, 14, 16, 16, 22, 26, 28, 28, 31, 37, 41, 43, 44, 44, 47, 52, 52, 53, 56, 59, 62, 71, 73, 74, 77, 82, 86]",1,86,False
-1,-6,4,916,11,-11,10076,132,"[1, 2, 3, 4, 4, 5, 6, 7, 8, 9, 10, 11, 12, 12, 13, 14, 15, 15, 16, 16, 18, 20, 20, 21, 21, 22, 24, 24, 25, 26, 27, 28, 28, 29, 30, 30, 32, 32, 32, 32, 33, 35, 35, 36, 36, 37, 39, 39, 40, 40, 41, 42, 42, 44, 44, 45, 45, 48, 48, 48, 48, 49, 50, 52, 52, 53, 54, 55, 56, 56, 58, 60, 60, 60, 60, 63, 63, 64, 64, 64, 64, 65, 65, 66, 70, 70, 71, 72, 72, 73, 74, 75, 75, 77, 78, 78, 79, 80, 80, 80, 80, 81, 82, 84, 84, 84, 84, 87, 87, 88, 90, 90, 91, 91, 96, 96, 96, 96, 96, 96, 96, 96, 97, 98, 99, 100, 100, 101, 104, 105, 105, 112]",1,112,False
-1,-6,4,916,19,-19,17404,92,"[1, 2, 4, 4, 5, 8, 10, 11, 13, 16, 16, 17, 19, 20, 20, 22, 25, 26, 29, 31, 32, 32, 32, 32, 34, 38, 40, 40, 41, 43, 44, 44, 50, 52, 52, 55, 55, 58, 59, 61, 62, 64, 64, 64, 64, 65, 65, 67, 68, 68, 76, 76, 79, 80, 80, 80, 80, 82, 83, 85, 85, 86, 88, 88, 89, 95, 100, 100, 104, 104, 107, 109, 110, 110, 113, 116, 116, 118, 121, 122, 124, 124, 125, 127, 128, 128, 128, 128, 130, 130, 136, 143]",1,143,False
-1,-6,4,916,43,-43,39388,92,"[1, 2, 4, 4, 7, 8, 11, 14, 16, 16, 17, 22, 28, 28, 29, 32, 32, 32, 32, 34, 43, 44, 44, 49, 53, 56, 56, 58, 64, 64, 64, 64, 68, 68, 73, 77, 77, 83, 86, 88, 88, 89, 97, 98, 103, 106, 112, 112, 112, 112, 113, 116, 116, 119, 119, 121, 128, 128, 128, 128, 131, 136, 136, 137, 146, 154, 154, 157, 163, 166, 167, 172, 172, 173, 176, 176, 176, 176, 178, 179, 181, 187, 187, 191, 193, 194, 196, 196, 199, 203, 212, 224]",1,224,False
-1,-6,4,916,67,-67,61372,128,"[1, 2, 4, 4, 7, 8, 13, 14, 16, 16, 17, 19, 26, 28, 28, 31, 32, 32, 32, 32, 34, 37, 38, 41, 49, 52, 52, 56, 56, 62, 64, 64, 64, 64, 67, 68, 68, 71, 74, 76, 76, 79, 82, 83, 91, 91, 98, 101, 103, 104, 104, 109, 112, 112, 112, 112, 113, 119, 119, 124, 124, 128, 128, 128, 128, 133, 133, 134, 136, 136, 137, 139, 142, 148, 148, 149, 151, 152, 152, 158, 164, 164, 166, 167, 169, 173, 179, 181, 182, 182, 191, 193, 196, 196, 197, 202, 206, 208, 208, 208, 208, 217, 217, 218, 221, 221, 224, 224, 224, 224, 224, 224, 224, 224, 226, 229, 238, 238, 239, 241, 247, 247, 248, 248, 256, 256, 268, 272]",1,272,False
-1,-6,4,916,163,-163,149308,200,"[1, 2, 4, 4, 7, 8, 13, 14, 16, 16, 23, 26, 28, 28, 29, 31, 32, 32, 32, 32, 43, 46, 49, 52, 52, 53, 56, 56, 58, 59, 61, 62, 64, 64, 64, 64, 67, 71, 73, 79, 83, 86, 89, 91, 91, 92, 92, 97, 98, 101, 104, 104, 106, 107, 109, 112, 112, 112, 112, 116, 116, 118, 122, 124, 124, 127, 128, 128, 128, 128, 134, 137, 139, 142, 146, 151, 157, 158, 161, 161, 163, 166, 167, 169, 172, 172, 173, 178, 182, 182, 184, 184, 191, 194, 196, 196, 202, 203, 203, 208, 208, 208, 208, 211, 212, 212, 214, 217, 217, 218, 224, 224, 224, 224, 224, 224, 224, 224, 229, 232, 232, 236, 236, 239, 244, 244, 248, 248, 254, 256, 256, 256, 256, 257, 268, 268, 269, 274, 278, 283, 284, 284, 292, 292, 299, 299, 301, 301, 302, 307, 314, 316, 316, 317, 322, 322, 326, 331, 332, 332, 334, 338, 343, 344, 344, 346, 347, 349, 353, 356, 356, 359, 364, 364, 364, 364, 367, 368, 368, 368, 368, 371, 371, 373, 377, 377, 382, 383, 388, 388, 389, 392, 392, 404, 406, 413, 416, 416, 427, 428]",1,428,False
0,-7,-4,940,1,-4,3760,30,"[1, 2, 4, 4, 5, 8, 8, 10, 13, 16, 16, 16, 20, 20, 23, 26, 32, 32, 40, 40, 43, 46, 47, 52, 52, 59, 61, 64, 64, 67]",1,67,False
0,-7,-4,940,2,-8,7520,80,"[1, 2, 3, 4, 4, 5, 6, 8, 8, 9, 10, 11, 12, 12, 15, 16, 16, 16, 18, 19, 20, 20, 22, 23, 24, 24, 27, 29, 30, 32, 32, 32, 33, 33, 36, 36, 37, 38, 40, 40, 44, 44, 45, 46, 47, 48, 48, 48, 48, 53, 54, 55, 57, 57, 58, 60, 60, 66, 66, 69, 69, 71, 72, 72, 73, 74, 76, 76, 79, 80, 80, 80, 81, 83, 87, 87, 88, 88, 89, 95]",1,95,False
0,-7,-4,940,3,-3,2820,44,"[1, 2, 3, 4, 4, 5, 6, 7, 8, 10, 12, 12, 13, 14, 15, 17, 19, 20, 20, 21, 23, 24, 26, 28, 28, 29, 30, 31, 34, 35, 38, 39, 40, 41, 42, 46, 47, 49, 51, 52, 52, 53, 56, 60]",1,60,False
0,-7,-4,940,7,-7,6580,32,"[1, 2, 4, 4, 5, 7, 8, 10, 11, 14, 17, 20, 20, 22, 28, 28, 34, 35, 40, 41, 44, 44, 47, 55, 56, 59, 68, 68, 70, 77, 82, 85]",1,85,False
0,-7,-4,940,11,-11,10340,68,"[1, 2, 3, 4, 4, 5, 6, 8, 9, 10, 11, 12, 12, 15, 17, 18, 20, 20, 22, 24, 24, 27, 29, 30, 31, 33, 34, 36, 36, 40, 41, 43, 44, 44, 45, 47, 51, 51, 54, 55, 58, 60, 60, 62, 66, 68, 68, 72, 72, 79, 81, 82, 85, 86, 87, 87, 88, 89, 90, 93, 93, 94, 99, 102, 102, 103, 107, 109]",1,109,False
0,-7,-4,940,19,-19,17860,68,"[1, 2, 4, 4, 5, 7, 8, 10, 11, 14, 19, 20, 20, 22, 28, 28, 29, 35, 37, 38, 40, 41, 44, 44, 47, 49, 53, 55, 56, 56, 58, 59, 61, 67, 70, 71, 73, 74, 76, 76, 77, 77, 79, 82, 83, 88, 88, 94, 95, 97, 98, 101, 106, 107, 109, 110, 116, 116, 118, 121, 122, 127, 133, 134, 139, 142, 145, 146]",1,146,False
0,-7,-4,940,43,-43,40420,68,"[1, 2, 4, 4, 5, 8, 10, 11, 13, 20, 20, 22, 26, 29, 31, 37, 40, 43, 44, 44, 47, 52, 52, 55, 58, 62, 65, 71, 74, 83, 86, 88, 88, 94, 101, 103, 104, 104, 110, 116, 116, 121, 124, 124, 130, 131, 139, 142, 143, 143, 145, 148, 148, 155, 157, 163, 166, 169, 172, 172, 185, 188, 188, 191, 193, 202, 206, 223]",1,223,False
0,-7,-4,940,67,-67,62980,68,"[1, 2, 4, 4, 5, 8, 10, 19, 20, 20, 38, 40, 41, 43, 47, 53, 67, 73, 76, 76, 79, 82, 83, 86, 89, 94, 95, 97, 103, 106, 109, 134, 146, 149, 151, 152, 152, 158, 164, 164, 166, 172, 172, 178, 188, 188, 190, 191, 193, 194, 197, 199, 205, 206, 211, 212, 212, 215, 218, 229, 235, 239, 241, 251, 257, 263, 265, 268]",1,268,False
0,-7,-4,940,163,-163,153220,116,"[1, 2, 4, 4, 5, 8, 10, 17, 20, 20, 23, 29, 34, 37, 40, 46, 47, 58, 59, 61, 67, 68, 68, 74, 79, 83, 85, 92, 92, 94, 107, 109, 113, 115, 116, 116, 118, 122, 127, 134, 136, 136, 145, 148, 148, 151, 157, 158, 163, 166, 170, 179, 181, 184, 184, 185, 188, 188, 191, 199, 214, 218, 226, 229, 230, 232, 232, 235, 236, 236, 239, 244, 244, 254, 263, 268, 268, 271, 277, 289, 290, 295, 296, 296, 302, 305, 307, 313, 314, 316, 316, 326, 331, 332, 332, 335, 337, 340, 340, 347, 349, 353, 358, 359, 362, 370, 373, 376, 382, 383, 389, 391, 391, 398, 415, 428]",1,428,False
-1,-6,1,985,1,-4,3940,40,"[1, 2, 4, 4, 5, 7, 8, 10, 11, 13, 14, 17, 20, 20, 22, 23, 26, 28, 28, 29, 31, 34, 35, 40, 41, 43, 44, 44, 46, 47, 49, 52, 52, 55, 56, 56, 58, 61, 62, 68]",1,68,False
-1,-6,1,985,2,-8,7880,84,"[1, 2, 3, 4, 4, 5, 6, 7, 8, 8, 9, 10, 12, 12, 14, 15, 17, 18, 19, 20, 20, 21, 21, 23, 24, 24, 27, 28, 28, 30, 31, 34, 35, 36, 36, 37, 38, 40, 40, 41, 42, 42, 45, 46, 47, 49, 51, 51, 53, 54, 56, 56, 57, 57, 59, 60, 60, 62, 63, 63, 67, 68, 68, 69, 69, 70, 71, 72, 72, 73, 74, 76, 76, 79, 81, 82, 84, 84, 84, 84, 85, 90, 92, 98]",1,98,False
-1,-6,1,985,3,-3,2955,28,"[1, 2, 3, 4, 5, 6, 10, 11, 12, 13, 15, 19, 20, 22, 23, 26, 30, 33, 38, 39, 44, 44, 46, 47, 52, 52, 53, 55]",1,55,False
-1,-6,1,985,7,-7,6895,32,"[1, 2, 4, 5, 7, 8, 8, 10, 14, 16, 16, 20, 28, 29, 31, 32, 32, 35, 40, 40, 47, 56, 56, 58, 62, 64, 64, 67, 70, 80, 80, 83]",1,83,False
-1,-6,1,985,11,-11,10835,60,"[1, 2, 3, 4, 5, 6, 7, 9, 10, 11, 12, 12, 14, 15, 18, 20, 21, 21, 22, 27, 28, 28, 30, 33, 35, 36, 36, 42, 42, 43, 44, 45, 49, 54, 55, 59, 60, 60, 63, 63, 66, 67, 70, 77, 79, 81, 83, 84, 84, 84, 84, 86, 90, 98, 99, 103, 105, 105, 108, 110]",1,110,False
-1,-6,1,985,19,-19,18715,36,"[1, 2, 4, 5, 10, 17, 19, 20, 31, 34, 37, 38, 53, 61, 62, 68, 68, 71, 73, 74, 76, 79, 85, 89, 95, 97, 101, 106, 107, 122, 124, 124, 127, 142, 146, 148]",1,148,False
-1,-6,1,985,43,-43,42355,76,"[1, 2, 4, 5, 7, 10, 13, 14, 17, 20, 26, 28, 28, 34, 35, 37, 41, 43, 49, 52, 52, 59, 65, 67, 68, 68, 70, 71, 74, 82, 85, 86, 89, 91, 91, 98, 101, 103, 109, 118, 119, 119, 130, 131, 134, 137, 140, 140, 142, 148, 148, 149, 151, 157, 163, 164, 164, 167, 169, 170, 172, 178, 179, 181, 182, 182, 185, 196, 196, 197, 199, 202, 205, 206, 221, 223]",1,223,False
-1,-6,1,985,67,-67,65995,108,"[1, 2, 4, 5, 7, 10, 11, 14, 17, 19, 20, 22, 28, 28, 29, 31, 34, 35, 38, 43, 44, 44, 49, 53, 55, 58, 59, 62, 67, 68, 68, 70, 73, 76, 76, 77, 77, 79, 85, 86, 95, 97, 98, 103, 106, 110, 116, 116, 118, 119, 119, 121, 124, 124, 133, 133, 134, 137, 139, 140, 140, 145, 146, 154, 154, 155, 158, 167, 170, 172, 172, 179, 181, 187, 187, 190, 194, 196, 196, 197, 203, 203, 206, 209, 209, 212, 212, 215, 217, 217, 220, 220, 227, 229, 233, 236, 236, 238, 238, 242, 245, 263, 265, 266, 266, 277, 281, 283]",1,283,False
-1,-6,1,985,163,-163,160555,140,"[1, 2, 4, 5, 7, 10, 11, 14, 20, 22, 23, 28, 28, 31, 35, 37, 41, 44, 44, 46, 49, 55, 61, 62, 70, 74, 77, 77, 79, 82, 89, 92, 92, 98, 107, 110, 113, 115, 121, 122, 124, 124, 127, 137, 139, 140, 140, 148, 148, 149, 154, 154, 155, 157, 158, 161, 161, 163, 164, 164, 167, 178, 185, 193, 196, 196, 197, 205, 211, 214, 217, 217, 220, 220, 226, 227, 229, 230, 233, 241, 242, 244, 244, 245, 251, 253, 253, 254, 257, 259, 259, 263, 269, 271, 274, 278, 287, 287, 293, 298, 305, 307, 308, 308, 308, 308, 310, 314, 316, 316, 322, 322, 326, 334, 341, 341, 343, 349, 353, 356, 356, 367, 370, 373, 379, 383, 385, 385, 386, 389, 394, 395, 397, 407, 409, 410, 422, 427, 427, 434]",1,434,False
-1,-6,3,993,1,-4,3972,22,"[1, 2, 3, 4, 4, 6, 7, 8, 12, 12, 14, 21, 24, 28, 28, 29, 41, 42, 49, 56, 56, 58]",1,58,False
-1,-6,3,993,2,-8,7944,78,"[1, 2, 3, 4, 4, 5, 6, 7, 8, 8, 10, 11, 12, 12, 13, 14, 15, 19, 20, 20, 21, 22, 24, 24, 25, 26, 28, 28, 30, 33, 35, 35, 37, 38, 39, 40, 40, 41, 42, 43, 44, 44, 49, 50, 52, 52, 53, 55, 55, 56, 56, 57, 59, 60, 60, 61, 65, 65, 66, 67, 70, 70, 71, 74, 75, 76, 76, 77, 77, 78, 82, 84, 84, 86, 88, 88, 91, 95]",1,95,False
-1,-6,3,993,3,-3,2979,33,"[1, 2, 3, 4, 5, 6, 9, 9, 10, 12, 15, 17, 18, 18, 19, 20, 20, 25, 30, 31, 34, 36, 36, 36, 38, 43, 45, 45, 45, 50, 51, 53, 57]",1,57,False
-1,-6,3,993,7,-7,6951,84,"[1, 2, 3, 4, 5, 6, 7, 8, 8, 10, 11, 12, 13, 14, 15, 16, 16, 17, 20, 20, 21, 22, 23, 24, 24, 25, 26, 28, 29, 30, 32, 32, 33, 34, 35, 39, 40, 40, 40, 40, 42, 43, 44, 44, 46, 48, 48, 50, 51, 52, 52, 55, 55, 56, 56, 58, 60, 60, 61, 64, 64, 65, 65, 66, 67, 68, 68, 69, 70, 73, 75, 77, 78, 79, 80, 80, 80, 80, 83, 84, 85, 85, 86, 88]",1,88,False
-1,-6,3,993,11,-11,10923,52,"[1, 2, 3, 4, 6, 7, 11, 12, 13, 14, 17, 21, 22, 23, 26, 28, 28, 31, 33, 34, 39, 42, 44, 46, 47, 49, 51, 52, 52, 59, 61, 62, 66, 67, 68, 68, 69, 73, 77, 78, 83, 84, 84, 91, 91, 92, 92, 93, 94, 98, 102, 103]",1,103,False
-1,-6,3,993,19,-19,18867,52,"[1, 2, 3, 4, 6, 11, 12, 13, 19, 22, 23, 26, 33, 37, 38, 39, 43, 44, 44, 46, 47, 52, 52, 53, 57, 66, 69, 71, 74, 76, 78, 86, 89, 92, 92, 94, 97, 101, 106, 111, 113, 114, 121, 129, 132, 132, 137, 138, 139, 141, 148, 156]",1,156,False
-1,-6,3,993,43,-43,42699,148,"[1, 2, 3, 4, 5, 6, 7, 10, 11, 12, 14, 15, 20, 20, 21, 22, 23, 25, 28, 28, 30, 31, 33, 35, 35, 37, 41, 42, 43, 44, 44, 46, 47, 49, 50, 55, 55, 59, 60, 60, 61, 62, 66, 67, 69, 70, 70, 71, 73, 74, 75, 77, 77, 79, 82, 84, 84, 86, 89, 92, 92, 93, 94, 98, 100, 100, 101, 103, 105, 105, 107, 109, 110, 110, 111, 113, 115, 115, 118, 121, 122, 123, 124, 124, 125, 127, 129, 131, 132, 132, 134, 138, 139, 140, 140, 140, 140, 141, 142, 146, 147, 148, 148, 149, 150, 151, 154, 154, 155, 155, 158, 161, 161, 164, 164, 165, 165, 172, 175, 175, 177, 178, 179, 183, 185, 185, 186, 188, 188, 191, 193, 196, 196, 199, 201, 202, 205, 205, 206, 210, 210, 211, 213, 215, 217, 222, 230, 235]",1,235,False
-1,-6,3,993,67,-67,66531,164,"[1, 2, 3, 4, 5, 6, 7, 10, 12, 13, 14, 15, 19, 20, 20, 21, 23, 25, 26, 28, 28, 29, 30, 35, 35, 38, 39, 42, 46, 47, 49, 50, 52, 52, 53, 57, 58, 59, 60, 60, 61, 65, 65, 67, 69, 70, 70, 75, 76, 76, 78, 84, 84, 87, 91, 91, 92, 92, 94, 95, 95, 97, 98, 100, 100, 103, 105, 105, 106, 107, 113, 114, 115, 115, 116, 116, 118, 122, 125, 127, 130, 130, 133, 133, 134, 138, 140, 140, 140, 140, 141, 145, 145, 147, 150, 156, 156, 157, 159, 161, 161, 163, 169, 174, 175, 175, 177, 179, 182, 182, 183, 188, 188, 190, 190, 191, 193, 194, 195, 195, 196, 196, 197, 201, 203, 203, 206, 210, 210, 212, 212, 214, 223, 226, 227, 228, 228, 229, 230, 230, 233, 235, 235, 236, 236, 239, 241, 244, 244, 245, 245, 247, 247, 250, 254, 257, 260, 260, 260, 265, 265, 266, 266, 276]",1,276,False
-1,-6,3,993,163,-163,161859,212,"[1, 2, 3, 4, 5, 6, 7, 10, 12, 13, 14, 15, 17, 20, 20, 21, 25, 26, 28, 28, 30, 34, 35, 35, 37, 39, 41, 42, 43, 47, 49, 50, 51, 52, 52, 60, 60, 65, 65, 68, 68, 70, 70, 73, 74, 75, 78, 82, 84, 84, 85, 85, 86, 89, 91, 91, 94, 98, 100, 100, 102, 105, 105, 111, 119, 119, 123, 125, 129, 130, 130, 140, 140, 140, 140, 141, 146, 147, 148, 148, 149, 150, 156, 156, 163, 164, 164, 169, 170, 170, 172, 172, 175, 175, 178, 181, 182, 182, 185, 185, 188, 188, 191, 195, 195, 196, 196, 204, 204, 205, 205, 210, 210, 211, 215, 215, 219, 221, 221, 222, 223, 227, 229, 233, 235, 235, 238, 238, 239, 245, 245, 246, 250, 251, 255, 255, 258, 259, 259, 260, 260, 260, 260, 263, 267, 269, 273, 273, 277, 282, 287, 287, 289, 292, 292, 293, 294, 298, 300, 300, 301, 301, 313, 325, 325, 326, 329, 329, 331, 338, 340, 340, 340, 340, 343, 349, 350, 350, 353, 356, 356, 357, 357, 359, 362, 364, 364, 364, 364, 365, 365, 367, 370, 370, 375, 382, 383, 389, 390, 390, 401, 410, 410, 420, 420, 422, 425, 430, 438, 442, 444, 449]",1,449,False
